grid_row,grid_col,lat,lon,current_u,current_v,wind_speed_knots
0,0,-70.0,-40.0,-0.013,0.244,16.1
0,1,-70.0,-39.8649,0.736,-0.162,19.4
0,2,-70.0,-39.7297,0.452,-0.258,22.9
0,3,-70.0,-39.5946,0.278,-0.054,23.0
0,4,-70.0,-39.4595,-0.297,-0.509,11.6
0,5,-70.0,-39.3243,-0.297,0.157,24.0
0,6,-70.0,-39.1892,-0.424,-0.018,5.5
0,7,-70.0,-39.0541,0.626,-0.413,12.5
0,8,-70.0,-38.9189,0.281,-0.412,22.9
0,9,-70.0,-38.7838,0.42,-0.416,10.5
0,10,-70.0,-38.6486,-0.473,-0.543,10.5
0,11,-70.0,-38.5135,0.761,-0.012,11.1
0,12,-70.0,-38.3784,0.582,0.24,17.2
0,13,-70.0,-38.2432,-0.224,-0.583,13.8
0,14,-70.0,-38.1081,-0.264,-0.551,19.5
0,15,-70.0,-37.973,-0.262,-0.027,22.9
0,16,-70.0,-37.8378,-0.104,0.219,18.5
0,17,-70.0,-37.7027,0.182,-0.273,9.1
0,18,-70.0,-37.5676,0.062,-0.25,23.7
0,19,-70.0,-37.4324,-0.121,-0.004,10.3
0,20,-70.0,-37.2973,0.295,-0.326,8.0
0,21,-70.0,-37.1622,-0.319,-0.573,6.8
0,22,-70.0,-37.027,-0.12,0.135,16.3
0,23,-70.0,-36.8919,-0.024,0.026,7.3
0,24,-70.0,-36.7568,0.093,-0.019,7.8
0,25,-70.0,-36.6216,0.521,0.142,11.0
0,26,-70.0,-36.4865,-0.24,0.075,10.6
0,27,-70.0,-36.3514,0.169,-0.394,17.1
0,28,-70.0,-36.2162,0.27,-0.248,21.3
0,29,-70.0,-36.0811,-0.44,-0.474,20.2
0,30,-70.0,-35.9459,0.29,-0.47,10.2
0,31,-70.0,-35.8108,-0.278,0.076,9.9
0,32,-70.0,-35.6757,-0.415,0.259,24.3
0,33,-70.0,-35.5405,0.734,0.363,5.2
0,34,-70.0,-35.4054,0.755,0.028,22.6
0,35,-70.0,-35.2703,0.551,-0.416,9.0
0,36,-70.0,-35.1351,-0.104,-0.494,23.9
0,37,-70.0,-35.0,-0.373,0.213,11.8
0,38,-70.0,-34.8649,0.39,-0.021,13.8
0,39,-70.0,-34.7297,0.072,0.018,19.1
0,40,-70.0,-34.5946,-0.341,0.181,16.8
0,41,-70.0,-34.4595,0.144,0.103,11.4
0,42,-70.0,-34.3243,-0.455,0.234,16.1
0,43,-70.0,-34.1892,0.682,-0.544,19.6
0,44,-70.0,-34.0541,-0.164,0.148,5.8
0,45,-70.0,-33.9189,0.361,0.251,5.2
0,46,-70.0,-33.7838,-0.095,-0.314,14.2
0,47,-70.0,-33.6486,0.176,0.04,7.6
0,48,-70.0,-33.5135,0.211,-0.286,18.3
0,49,-70.0,-33.3784,-0.26,0.358,9.3
0,50,-70.0,-33.2432,0.76,-0.567,13.7
0,51,-70.0,-33.1081,0.508,-0.02,9.0
0,52,-70.0,-32.973,0.721,-0.433,16.0
0,53,-70.0,-32.8378,0.663,0.112,7.3
0,54,-70.0,-32.7027,0.277,-0.424,5.5
0,55,-70.0,-32.5676,0.698,-0.365,6.0
0,56,-70.0,-32.4324,-0.385,-0.106,24.1
0,57,-70.0,-32.2973,-0.245,0.315,7.8
0,58,-70.0,-32.1622,-0.441,-0.388,19.2
0,59,-70.0,-32.027,-0.077,-0.456,6.4
0,60,-70.0,-31.8919,0.005,0.159,7.2
0,61,-70.0,-31.7568,-0.147,-0.099,15.2
0,62,-70.0,-31.6216,0.577,0.312,14.3
0,63,-70.0,-31.4865,-0.036,-0.453,24.0
0,64,-70.0,-31.3514,-0.135,0.046,23.9
0,65,-70.0,-31.2162,0.206,-0.367,20.6
0,66,-70.0,-31.0811,-0.317,-0.443,17.0
0,67,-70.0,-30.9459,0.543,0.083,14.1
0,68,-70.0,-30.8108,-0.403,-0.006,12.1
0,69,-70.0,-30.6757,0.783,0.155,23.9
0,70,-70.0,-30.5405,0.504,-0.291,17.1
0,71,-70.0,-30.4054,-0.242,-0.152,16.6
0,72,-70.0,-30.2703,-0.493,-0.195,9.6
0,73,-70.0,-30.1351,0.56,0.384,5.9
0,74,-70.0,-30.0,0.419,-0.308,23.9
1,0,-70.0676,-40.0,0.448,-0.305,11.3
1,1,-70.0676,-39.8649,0.503,-0.245,13.9
1,2,-70.0676,-39.7297,-0.404,-0.035,7.3
1,3,-70.0676,-39.5946,-0.034,-0.348,21.7
1,4,-70.0676,-39.4595,-0.349,0.315,5.6
1,5,-70.0676,-39.3243,0.622,-0.334,21.7
1,6,-70.0676,-39.1892,0.31,0.296,7.8
1,7,-70.0676,-39.0541,-0.07,-0.497,22.7
1,8,-70.0676,-38.9189,-0.417,0.057,19.6
1,9,-70.0676,-38.7838,-0.096,0.307,8.3
1,10,-70.0676,-38.6486,-0.077,-0.431,16.3
1,11,-70.0676,-38.5135,0.448,0.368,11.3
1,12,-70.0676,-38.3784,0.329,-0.147,8.6
1,13,-70.0676,-38.2432,0.653,0.346,22.2
1,14,-70.0676,-38.1081,0.114,0.077,13.1
1,15,-70.0676,-37.973,-0.345,-0.298,13.0
1,16,-70.0676,-37.8378,0.427,-0.412,8.4
1,17,-70.0676,-37.7027,0.489,-0.296,12.7
1,18,-70.0676,-37.5676,0.23,-0.507,22.4
1,19,-70.0676,-37.4324,0.502,-0.456,12.3
1,20,-70.0676,-37.2973,0.142,-0.495,24.0
1,21,-70.0676,-37.1622,0.18,-0.177,23.9
1,22,-70.0676,-37.027,0.056,0.196,7.9
1,23,-70.0676,-36.8919,-0.467,-0.459,8.5
1,24,-70.0676,-36.7568,-0.36,-0.47,22.3
1,25,-70.0676,-36.6216,-0.459,0.043,12.9
1,26,-70.0676,-36.4865,0.327,-0.403,5.1
1,27,-70.0676,-36.3514,-0.091,-0.502,10.5
1,28,-70.0676,-36.2162,0.161,-0.433,17.0
1,29,-70.0676,-36.0811,0.68,0.324,21.0
1,30,-70.0676,-35.9459,-0.176,0.221,7.7
1,31,-70.0676,-35.8108,0.033,-0.246,7.2
1,32,-70.0676,-35.6757,0.482,0.056,23.4
1,33,-70.0676,-35.5405,-0.203,-0.063,20.0
1,34,-70.0676,-35.4054,-0.4,0.077,16.8
1,35,-70.0676,-35.2703,-0.123,0.083,20.4
1,36,-70.0676,-35.1351,-0.29,0.029,13.6
1,37,-70.0676,-35.0,0.709,-0.334,20.2
1,38,-70.0676,-34.8649,0.551,-0.561,12.4
1,39,-70.0676,-34.7297,0.323,-0.144,9.9
1,40,-70.0676,-34.5946,0.633,0.291,19.6
1,41,-70.0676,-34.4595,0.545,-0.031,13.4
1,42,-70.0676,-34.3243,-0.257,0.232,24.6
1,43,-70.0676,-34.1892,0.66,0.392,12.0
1,44,-70.0676,-34.0541,0.201,-0.436,23.4
1,45,-70.0676,-33.9189,0.55,0.092,23.7
1,46,-70.0676,-33.7838,0.665,0.074,9.8
1,47,-70.0676,-33.6486,-0.087,0.38,21.0
1,48,-70.0676,-33.5135,-0.357,0.386,13.7
1,49,-70.0676,-33.3784,-0.204,0.087,23.4
1,50,-70.0676,-33.2432,0.055,-0.356,14.0
1,51,-70.0676,-33.1081,0.563,0.199,19.9
1,52,-70.0676,-32.973,0.619,-0.493,14.3
1,53,-70.0676,-32.8378,-0.491,0.181,9.6
1,54,-70.0676,-32.7027,0.164,0.31,9.0
1,55,-70.0676,-32.5676,0.043,-0.217,13.5
1,56,-70.0676,-32.4324,-0.211,0.031,20.1
1,57,-70.0676,-32.2973,-0.344,-0.17,17.1
1,58,-70.0676,-32.1622,-0.061,-0.162,18.8
1,59,-70.0676,-32.027,0.726,-0.29,10.6
1,60,-70.0676,-31.8919,-0.08,0.162,14.6
1,61,-70.0676,-31.7568,0.174,0.336,5.9
1,62,-70.0676,-31.6216,0.414,0.341,21.4
1,63,-70.0676,-31.4865,-0.027,-0.425,24.8
1,64,-70.0676,-31.3514,0.763,0.275,13.1
1,65,-70.0676,-31.2162,0.751,0.137,5.2
1,66,-70.0676,-31.0811,-0.173,-0.347,8.4
1,67,-70.0676,-30.9459,0.146,-0.533,18.1
1,68,-70.0676,-30.8108,-0.109,-0.332,17.2
1,69,-70.0676,-30.6757,-0.13,0.312,20.8
1,70,-70.0676,-30.5405,-0.452,0.033,10.1
1,71,-70.0676,-30.4054,0.292,0.121,20.3
1,72,-70.0676,-30.2703,0.153,-0.343,18.8
1,73,-70.0676,-30.1351,-0.433,0.119,11.5
1,74,-70.0676,-30.0,-0.138,-0.572,15.9
2,0,-70.1351,-40.0,0.681,-0.225,7.9
2,1,-70.1351,-39.8649,-0.189,0.027,14.1
2,2,-70.1351,-39.7297,-0.312,-0.454,22.6
2,3,-70.1351,-39.5946,0.136,0.223,13.4
2,4,-70.1351,-39.4595,0.781,-0.365,21.8
2,5,-70.1351,-39.3243,-0.185,0.052,16.8
2,6,-70.1351,-39.1892,0.374,-0.195,8.8
2,7,-70.1351,-39.0541,0.49,-0.004,16.6
2,8,-70.1351,-38.9189,-0.191,-0.493,15.1
2,9,-70.1351,-38.7838,0.447,-0.583,13.0
2,10,-70.1351,-38.6486,-0.022,0.31,7.4
2,11,-70.1351,-38.5135,0.322,-0.33,13.3
2,12,-70.1351,-38.3784,0.324,0.22,6.5
2,13,-70.1351,-38.2432,0.197,0.399,7.0
2,14,-70.1351,-38.1081,-0.383,-0.389,13.3
2,15,-70.1351,-37.973,0.586,-0.335,11.1
2,16,-70.1351,-37.8378,-0.083,0.063,23.5
2,17,-70.1351,-37.7027,-0.258,0.365,12.5
2,18,-70.1351,-37.5676,-0.447,0.316,20.2
2,19,-70.1351,-37.4324,0.268,-0.097,15.6
2,20,-70.1351,-37.2973,0.381,0.195,19.1
2,21,-70.1351,-37.1622,-0.478,-0.464,10.2
2,22,-70.1351,-37.027,0.166,0.377,23.8
2,23,-70.1351,-36.8919,-0.206,0.364,15.6
2,24,-70.1351,-36.7568,0.339,-0.436,21.6
2,25,-70.1351,-36.6216,-0.273,-0.301,12.3
2,26,-70.1351,-36.4865,0.398,-0.5,7.0
2,27,-70.1351,-36.3514,0.003,-0.328,18.5
2,28,-70.1351,-36.2162,0.718,0.216,5.2
2,29,-70.1351,-36.0811,-0.321,-0.222,14.5
2,30,-70.1351,-35.9459,-0.057,-0.512,8.9
2,31,-70.1351,-35.8108,-0.352,-0.258,17.5
2,32,-70.1351,-35.6757,0.702,0.381,24.6
2,33,-70.1351,-35.5405,0.641,0.03,14.3
2,34,-70.1351,-35.4054,-0.165,-0.184,21.3
2,35,-70.1351,-35.2703,0.358,-0.433,15.2
2,36,-70.1351,-35.1351,0.562,0.386,14.9
2,37,-70.1351,-35.0,0.222,0.221,23.6
2,38,-70.1351,-34.8649,0.189,-0.319,22.8
2,39,-70.1351,-34.7297,-0.186,-0.53,20.7
2,40,-70.1351,-34.5946,-0.379,-0.543,10.9
2,41,-70.1351,-34.4595,0.666,-0.48,15.9
2,42,-70.1351,-34.3243,0.671,-0.019,9.5
2,43,-70.1351,-34.1892,0.323,0.329,13.9
2,44,-70.1351,-34.0541,-0.059,-0.103,14.7
2,45,-70.1351,-33.9189,-0.046,0.243,21.6
2,46,-70.1351,-33.7838,0.444,-0.154,22.9
2,47,-70.1351,-33.6486,0.666,0.109,13.3
2,48,-70.1351,-33.5135,0.653,0.132,5.4
2,49,-70.1351,-33.3784,0.514,-0.426,22.2
2,50,-70.1351,-33.2432,0.335,-0.239,8.5
2,51,-70.1351,-33.1081,-0.391,0.037,17.4
2,52,-70.1351,-32.973,-0.29,-0.529,5.5
2,53,-70.1351,-32.8378,0.668,-0.238,13.0
2,54,-70.1351,-32.7027,0.288,-0.065,24.7
2,55,-70.1351,-32.5676,-0.488,0.396,7.0
2,56,-70.1351,-32.4324,-0.368,-0.125,13.5
2,57,-70.1351,-32.2973,0.363,0.216,11.1
2,58,-70.1351,-32.1622,-0.493,-0.168,23.1
2,59,-70.1351,-32.027,-0.291,0.196,22.4
2,60,-70.1351,-31.8919,0.213,-0.005,9.8
2,61,-70.1351,-31.7568,0.399,0.287,6.6
2,62,-70.1351,-31.6216,0.348,-0.189,17.5
2,63,-70.1351,-31.4865,-0.208,0.004,11.7
2,64,-70.1351,-31.3514,0.426,0.03,18.4
2,65,-70.1351,-31.2162,-0.192,-0.183,5.6
2,66,-70.1351,-31.0811,-0.077,-0.456,7.7
2,67,-70.1351,-30.9459,0.47,-0.506,18.7
2,68,-70.1351,-30.8108,0.345,-0.583,9.2
2,69,-70.1351,-30.6757,0.604,0.274,22.2
2,70,-70.1351,-30.5405,0.355,-0.364,6.2
2,71,-70.1351,-30.4054,0.239,-0.388,9.3
2,72,-70.1351,-30.2703,-0.378,0.136,25.0
2,73,-70.1351,-30.1351,-0.022,-0.28,13.7
2,74,-70.1351,-30.0,-0.155,-0.094,19.1
3,0,-70.2027,-40.0,-0.183,-0.437,8.7
3,1,-70.2027,-39.8649,0.765,0.36,17.2
3,2,-70.2027,-39.7297,0.011,0.252,19.5
3,3,-70.2027,-39.5946,0.66,0.264,11.3
3,4,-70.2027,-39.4595,0.32,-0.193,21.6
3,5,-70.2027,-39.3243,0.533,0.162,17.1
3,6,-70.2027,-39.1892,0.153,-0.456,12.8
3,7,-70.2027,-39.0541,0.25,-0.591,16.2
3,8,-70.2027,-38.9189,0.14,-0.58,16.5
3,9,-70.2027,-38.7838,-0.246,-0.013,8.3
3,10,-70.2027,-38.6486,0.439,-0.145,13.1
3,11,-70.2027,-38.5135,-0.135,-0.082,11.9
3,12,-70.2027,-38.3784,-0.468,-0.593,13.0
3,13,-70.2027,-38.2432,0.339,-0.177,20.2
3,14,-70.2027,-38.1081,-0.27,0.118,14.7
3,15,-70.2027,-37.973,0.723,-0.157,23.8
3,16,-70.2027,-37.8378,0.74,0.132,10.9
3,17,-70.2027,-37.7027,0.689,-0.367,13.3
3,18,-70.2027,-37.5676,-0.019,0.213,20.7
3,19,-70.2027,-37.4324,-0.48,-0.012,15.9
3,20,-70.2027,-37.2973,0.707,-0.389,15.9
3,21,-70.2027,-37.1622,0.057,-0.363,6.1
3,22,-70.2027,-37.027,0.757,0.028,13.0
3,23,-70.2027,-36.8919,0.753,0.23,10.4
3,24,-70.2027,-36.7568,0.609,-0.184,25.0
3,25,-70.2027,-36.6216,-0.117,-0.342,11.2
3,26,-70.2027,-36.4865,0.001,0.267,22.7
3,27,-70.2027,-36.3514,0.606,0.069,18.5
3,28,-70.2027,-36.2162,-0.088,-0.152,11.8
3,29,-70.2027,-36.0811,-0.28,-0.112,15.9
3,30,-70.2027,-35.9459,0.224,-0.396,21.8
3,31,-70.2027,-35.8108,0.717,0.027,22.7
3,32,-70.2027,-35.6757,0.405,-0.241,8.2
3,33,-70.2027,-35.5405,0.241,0.396,11.8
3,34,-70.2027,-35.4054,-0.374,-0.12,11.7
3,35,-70.2027,-35.2703,0.3,-0.114,5.8
3,36,-70.2027,-35.1351,0.787,-0.034,17.0
3,37,-70.2027,-35.0,-0.318,0.317,22.1
3,38,-70.2027,-34.8649,0.174,0.201,12.6
3,39,-70.2027,-34.7297,0.641,-0.149,19.8
3,40,-70.2027,-34.5946,0.463,0.119,17.6
3,41,-70.2027,-34.4595,0.406,-0.014,12.5
3,42,-70.2027,-34.3243,0.413,-0.108,7.8
3,43,-70.2027,-34.1892,-0.033,-0.408,19.2
3,44,-70.2027,-34.0541,-0.118,-0.136,22.1
3,45,-70.2027,-33.9189,0.552,-0.354,18.7
3,46,-70.2027,-33.7838,0.553,0.315,5.4
3,47,-70.2027,-33.6486,0.627,-0.265,9.3
3,48,-70.2027,-33.5135,0.687,0.352,6.4
3,49,-70.2027,-33.3784,0.165,-0.067,16.4
3,50,-70.2027,-33.2432,0.152,0.032,20.1
3,51,-70.2027,-33.1081,0.538,-0.057,7.2
3,52,-70.2027,-32.973,0.345,-0.471,21.8
3,53,-70.2027,-32.8378,0.413,-0.224,16.1
3,54,-70.2027,-32.7027,0.535,-0.501,18.8
3,55,-70.2027,-32.5676,0.657,0.023,24.4
3,56,-70.2027,-32.4324,-0.061,-0.153,6.7
3,57,-70.2027,-32.2973,-0.012,0.178,23.0
3,58,-70.2027,-32.1622,-0.378,-0.38,7.5
3,59,-70.2027,-32.027,0.252,-0.435,12.9
3,60,-70.2027,-31.8919,-0.453,-0.194,22.0
3,61,-70.2027,-31.7568,0.105,0.327,23.1
3,62,-70.2027,-31.6216,0.205,0.11,15.1
3,63,-70.2027,-31.4865,-0.127,-0.181,16.9
3,64,-70.2027,-31.3514,0.268,-0.083,19.2
3,65,-70.2027,-31.2162,-0.46,-0.516,21.7
3,66,-70.2027,-31.0811,-0.451,0.385,7.4
3,67,-70.2027,-30.9459,0.569,0.066,21.2
3,68,-70.2027,-30.8108,-0.032,-0.315,14.6
3,69,-70.2027,-30.6757,-0.335,-0.014,14.0
3,70,-70.2027,-30.5405,0.179,-0.491,13.5
3,71,-70.2027,-30.4054,0.501,0.366,15.2
3,72,-70.2027,-30.2703,-0.219,-0.425,23.9
3,73,-70.2027,-30.1351,0.31,0.048,16.0
3,74,-70.2027,-30.0,-0.389,-0.355,24.1
4,0,-70.2703,-40.0,-0.433,0.118,8.6
4,1,-70.2703,-39.8649,0.191,0.177,19.5
4,2,-70.2703,-39.7297,0.203,0.073,21.2
4,3,-70.2703,-39.5946,0.329,0.014,18.6
4,4,-70.2703,-39.4595,0.444,0.292,17.1
4,5,-70.2703,-39.3243,0.769,-0.521,16.3
4,6,-70.2703,-39.1892,0.171,-0.269,22.2
4,7,-70.2703,-39.0541,-0.08,-0.352,21.4
4,8,-70.2703,-38.9189,0.534,0.388,7.4
4,9,-70.2703,-38.7838,-0.148,-0.211,22.0
4,10,-70.2703,-38.6486,0.071,0.133,13.3
4,11,-70.2703,-38.5135,-0.398,0.085,10.1
4,12,-70.2703,-38.3784,-0.467,-0.388,22.4
4,13,-70.2703,-38.2432,0.751,-0.361,13.6
4,14,-70.2703,-38.1081,0.587,-0.319,21.2
4,15,-70.2703,-37.973,0.405,-0.189,10.3
4,16,-70.2703,-37.8378,0.032,-0.366,5.1
4,17,-70.2703,-37.7027,-0.275,-0.58,14.9
4,18,-70.2703,-37.5676,-0.297,0.279,7.0
4,19,-70.2703,-37.4324,-0.175,0.366,20.1
4,20,-70.2703,-37.2973,0.214,-0.258,10.5
4,21,-70.2703,-37.1622,0.429,-0.261,13.9
4,22,-70.2703,-37.027,0.358,-0.593,6.7
4,23,-70.2703,-36.8919,-0.136,0.08,10.7
4,24,-70.2703,-36.7568,0.741,0.225,20.6
4,25,-70.2703,-36.6216,0.459,-0.453,8.0
4,26,-70.2703,-36.4865,0.221,-0.44,17.9
4,27,-70.2703,-36.3514,0.295,0.19,23.3
4,28,-70.2703,-36.2162,0.045,0.016,18.6
4,29,-70.2703,-36.0811,-0.178,-0.555,21.2
4,30,-70.2703,-35.9459,-0.037,0.023,7.2
4,31,-70.2703,-35.8108,0.485,-0.291,10.0
4,32,-70.2703,-35.6757,-0.481,-0.231,22.9
4,33,-70.2703,-35.5405,-0.349,0.17,19.3
4,34,-70.2703,-35.4054,-0.44,0.211,17.8
4,35,-70.2703,-35.2703,-0.447,-0.2,18.3
4,36,-70.2703,-35.1351,0.612,0.347,13.3
4,37,-70.2703,-35.0,0.415,-0.194,5.9
4,38,-70.2703,-34.8649,0.116,0.172,20.7
4,39,-70.2703,-34.7297,-0.373,-0.116,18.6
4,40,-70.2703,-34.5946,0.139,0.298,14.5
4,41,-70.2703,-34.4595,0.116,0.308,23.0
4,42,-70.2703,-34.3243,-0.275,-0.513,11.7
4,43,-70.2703,-34.1892,0.064,0.336,10.9
4,44,-70.2703,-34.0541,0.018,0.226,22.5
4,45,-70.2703,-33.9189,0.301,0.191,20.9
4,46,-70.2703,-33.7838,0.326,-0.399,15.3
4,47,-70.2703,-33.6486,-0.441,0.205,7.6
4,48,-70.2703,-33.5135,-0.013,0.25,9.3
4,49,-70.2703,-33.3784,0.314,-0.311,18.1
4,50,-70.2703,-33.2432,0.154,0.352,12.7
4,51,-70.2703,-33.1081,0.613,-0.55,21.7
4,52,-70.2703,-32.973,0.356,-0.45,24.0
4,53,-70.2703,-32.8378,-0.288,-0.062,21.1
4,54,-70.2703,-32.7027,-0.408,-0.024,12.6
4,55,-70.2703,-32.5676,0.335,0.045,20.8
4,56,-70.2703,-32.4324,-0.466,-0.583,12.0
4,57,-70.2703,-32.2973,0.262,0.36,8.3
4,58,-70.2703,-32.1622,0.722,-0.555,5.7
4,59,-70.2703,-32.027,0.248,-0.457,12.7
4,60,-70.2703,-31.8919,0.005,-0.586,23.1
4,61,-70.2703,-31.7568,0.336,-0.033,9.8
4,62,-70.2703,-31.6216,0.096,0.332,9.1
4,63,-70.2703,-31.4865,0.209,0.066,24.4
4,64,-70.2703,-31.3514,0.724,0.223,5.5
4,65,-70.2703,-31.2162,0.002,-0.587,20.7
4,66,-70.2703,-31.0811,0.75,-0.058,11.4
4,67,-70.2703,-30.9459,0.677,-0.14,5.7
4,68,-70.2703,-30.8108,-0.245,-0.101,23.4
4,69,-70.2703,-30.6757,-0.41,-0.528,7.8
4,70,-70.2703,-30.5405,-0.369,0.084,16.0
4,71,-70.2703,-30.4054,-0.476,-0.097,10.5
4,72,-70.2703,-30.2703,-0.377,0.165,6.3
4,73,-70.2703,-30.1351,0.388,-0.115,6.0
4,74,-70.2703,-30.0,-0.407,-0.451,7.3
5,0,-70.3378,-40.0,-0.085,0.048,6.4
5,1,-70.3378,-39.8649,0.598,-0.428,20.2
5,2,-70.3378,-39.7297,-0.47,0.272,14.7
5,3,-70.3378,-39.5946,0.559,0.013,11.9
5,4,-70.3378,-39.4595,-0.134,-0.443,13.4
5,5,-70.3378,-39.3243,-0.346,0.362,23.6
5,6,-70.3378,-39.1892,0.406,-0.082,23.2
5,7,-70.3378,-39.0541,0.318,-0.527,19.3
5,8,-70.3378,-38.9189,0.641,0.027,22.7
5,9,-70.3378,-38.7838,0.456,-0.347,11.4
5,10,-70.3378,-38.6486,0.545,0.204,12.6
5,11,-70.3378,-38.5135,-0.133,0.218,17.3
5,12,-70.3378,-38.3784,-0.269,0.379,17.5
5,13,-70.3378,-38.2432,0.476,-0.098,14.6
5,14,-70.3378,-38.1081,0.549,-0.145,13.0
5,15,-70.3378,-37.973,0.788,0.153,24.7
5,16,-70.3378,-37.8378,0.036,-0.468,21.4
5,17,-70.3378,-37.7027,-0.016,-0.053,13.7
5,18,-70.3378,-37.5676,0.509,-0.054,19.5
5,19,-70.3378,-37.4324,-0.057,-0.511,10.4
5,20,-70.3378,-37.2973,0.71,-0.182,7.0
5,21,-70.3378,-37.1622,0.616,0.253,12.0
5,22,-70.3378,-37.027,0.058,0.256,13.1
5,23,-70.3378,-36.8919,0.476,-0.501,5.3
5,24,-70.3378,-36.7568,0.481,-0.509,21.3
5,25,-70.3378,-36.6216,-0.366,-0.337,12.2
5,26,-70.3378,-36.4865,0.673,0.275,16.6
5,27,-70.3378,-36.3514,0.157,-0.471,6.5
5,28,-70.3378,-36.2162,0.574,0.12,8.5
5,29,-70.3378,-36.0811,-0.084,-0.499,22.8
5,30,-70.3378,-35.9459,0.664,0.023,17.2
5,31,-70.3378,-35.8108,0.006,-0.244,24.0
5,32,-70.3378,-35.6757,-0.486,0.189,25.0
5,33,-70.3378,-35.5405,0.677,-0.366,12.4
5,34,-70.3378,-35.4054,-0.381,0.039,11.0
5,35,-70.3378,-35.2703,-0.085,-0.364,22.2
5,36,-70.3378,-35.1351,0.735,0.114,25.0
5,37,-70.3378,-35.0,0.736,0.274,17.6
5,38,-70.3378,-34.8649,0.245,-0.473,20.9
5,39,-70.3378,-34.7297,0.321,0.267,20.6
5,40,-70.3378,-34.5946,0.083,-0.006,12.1
5,41,-70.3378,-34.4595,-0.119,-0.473,16.5
5,42,-70.3378,-34.3243,-0.073,-0.172,21.7
5,43,-70.3378,-34.1892,0.374,-0.439,18.8
5,44,-70.3378,-34.0541,0.478,0.1,5.4
5,45,-70.3378,-33.9189,0.529,0.159,11.7
5,46,-70.3378,-33.7838,0.527,-0.494,7.9
5,47,-70.3378,-33.6486,-0.381,-0.094,9.7
5,48,-70.3378,-33.5135,0.143,0.215,23.1
5,49,-70.3378,-33.3784,-0.425,0.336,5.7
5,50,-70.3378,-33.2432,0.214,-0.086,9.4
5,51,-70.3378,-33.1081,0.074,0.35,11.2
5,52,-70.3378,-32.973,0.654,-0.064,17.3
5,53,-70.3378,-32.8378,-0.044,-0.206,15.7
5,54,-70.3378,-32.7027,-0.348,0.248,9.4
5,55,-70.3378,-32.5676,-0.314,-0.107,8.3
5,56,-70.3378,-32.4324,0.49,-0.128,9.7
5,57,-70.3378,-32.2973,0.304,-0.11,15.1
5,58,-70.3378,-32.1622,-0.369,0.247,10.4
5,59,-70.3378,-32.027,-0.391,0.232,24.0
5,60,-70.3378,-31.8919,0.411,-0.196,14.3
5,61,-70.3378,-31.7568,-0.405,-0.267,6.2
5,62,-70.3378,-31.6216,0.568,-0.108,19.6
5,63,-70.3378,-31.4865,0.418,-0.027,11.6
5,64,-70.3378,-31.3514,-0.394,-0.362,18.1
5,65,-70.3378,-31.2162,-0.39,0.194,10.6
5,66,-70.3378,-31.0811,0.783,-0.114,16.4
5,67,-70.3378,-30.9459,-0.013,-0.266,20.4
5,68,-70.3378,-30.8108,-0.018,-0.493,23.6
5,69,-70.3378,-30.6757,0.557,-0.361,10.2
5,70,-70.3378,-30.5405,0.731,0.349,11.7
5,71,-70.3378,-30.4054,0.782,-0.295,14.3
5,72,-70.3378,-30.2703,0.479,-0.431,23.5
5,73,-70.3378,-30.1351,-0.011,-0.139,23.0
5,74,-70.3378,-30.0,-0.391,-0.293,6.8
6,0,-70.4054,-40.0,0.51,-0.565,7.6
6,1,-70.4054,-39.8649,0.226,-0.277,14.9
6,2,-70.4054,-39.7297,0.051,-0.056,7.1
6,3,-70.4054,-39.5946,0.678,-0.048,11.9
6,4,-70.4054,-39.4595,-0.355,-0.243,8.0
6,5,-70.4054,-39.3243,0.14,-0.153,17.7
6,6,-70.4054,-39.1892,-0.485,0.366,24.0
6,7,-70.4054,-39.0541,0.109,-0.223,24.9
6,8,-70.4054,-38.9189,-0.427,-0.342,12.5
6,9,-70.4054,-38.7838,-0.346,-0.357,17.0
6,10,-70.4054,-38.6486,-0.347,-0.142,22.1
6,11,-70.4054,-38.5135,0.344,0.16,7.3
6,12,-70.4054,-38.3784,0.47,-0.394,18.8
6,13,-70.4054,-38.2432,0.258,0.109,13.2
6,14,-70.4054,-38.1081,0.751,-0.579,9.1
6,15,-70.4054,-37.973,-0.013,-0.181,13.1
6,16,-70.4054,-37.8378,-0.129,0.176,6.5
6,17,-70.4054,-37.7027,0.629,-0.261,18.9
6,18,-70.4054,-37.5676,-0.209,-0.036,10.1
6,19,-70.4054,-37.4324,0.752,-0.395,11.2
6,20,-70.4054,-37.2973,-0.484,0.142,7.4
6,21,-70.4054,-37.1622,0.761,-0.548,22.3
6,22,-70.4054,-37.027,-0.444,0.253,14.9
6,23,-70.4054,-36.8919,0.658,-0.402,16.4
6,24,-70.4054,-36.7568,0.186,0.274,16.4
6,25,-70.4054,-36.6216,0.791,-0.247,13.2
6,26,-70.4054,-36.4865,-0.404,0.123,8.9
6,27,-70.4054,-36.3514,0.22,-0.281,19.9
6,28,-70.4054,-36.2162,0.76,0.306,7.5
6,29,-70.4054,-36.0811,0.18,-0.473,7.1
6,30,-70.4054,-35.9459,0.318,-0.421,19.2
6,31,-70.4054,-35.8108,0.404,-0.107,9.2
6,32,-70.4054,-35.6757,0.091,-0.518,11.1
6,33,-70.4054,-35.5405,0.316,-0.404,14.5
6,34,-70.4054,-35.4054,0.26,0.344,14.0
6,35,-70.4054,-35.2703,0.672,0.376,19.2
6,36,-70.4054,-35.1351,-0.441,-0.224,17.5
6,37,-70.4054,-35.0,-0.135,0.323,17.9
6,38,-70.4054,-34.8649,0.736,-0.055,19.3
6,39,-70.4054,-34.7297,0.657,-0.33,10.9
6,40,-70.4054,-34.5946,0.092,0.102,11.4
6,41,-70.4054,-34.4595,0.306,0.059,13.8
6,42,-70.4054,-34.3243,-0.139,0.389,11.1
6,43,-70.4054,-34.1892,-0.255,-0.335,24.7
6,44,-70.4054,-34.0541,0.103,0.072,21.3
6,45,-70.4054,-33.9189,-0.041,-0.548,8.3
6,46,-70.4054,-33.7838,0.259,-0.486,5.1
6,47,-70.4054,-33.6486,-0.399,-0.596,5.9
6,48,-70.4054,-33.5135,0.767,0.399,9.9
6,49,-70.4054,-33.3784,0.782,0.202,7.3
6,50,-70.4054,-33.2432,0.408,0.187,15.7
6,51,-70.4054,-33.1081,0.197,-0.09,22.2
6,52,-70.4054,-32.973,-0.098,-0.3,19.7
6,53,-70.4054,-32.8378,0.558,-0.449,9.3
6,54,-70.4054,-32.7027,0.39,-0.315,13.0
6,55,-70.4054,-32.5676,-0.289,-0.224,15.2
6,56,-70.4054,-32.4324,0.684,0.156,21.2
6,57,-70.4054,-32.2973,0.569,-0.06,21.8
6,58,-70.4054,-32.1622,0.735,-0.523,23.2
6,59,-70.4054,-32.027,0.443,-0.582,15.2
6,60,-70.4054,-31.8919,0.297,-0.498,18.9
6,61,-70.4054,-31.7568,0.044,-0.19,7.2
6,62,-70.4054,-31.6216,0.713,0.333,16.3
6,63,-70.4054,-31.4865,0.626,0.037,10.0
6,64,-70.4054,-31.3514,-0.441,0.202,13.6
6,65,-70.4054,-31.2162,-0.466,-0.134,17.7
6,66,-70.4054,-31.0811,-0.011,-0.238,10.1
6,67,-70.4054,-30.9459,0.554,-0.492,6.0
6,68,-70.4054,-30.8108,0.783,0.276,5.2
6,69,-70.4054,-30.6757,-0.304,0.183,5.4
6,70,-70.4054,-30.5405,0.272,-0.432,5.2
6,71,-70.4054,-30.4054,-0.005,-0.088,7.2
6,72,-70.4054,-30.2703,0.761,-0.113,9.8
6,73,-70.4054,-30.1351,0.595,0.025,9.4
6,74,-70.4054,-30.0,0.59,0.346,24.7
7,0,-70.473,-40.0,0.109,-0.02,11.1
7,1,-70.473,-39.8649,0.039,-0.06,7.5
7,2,-70.473,-39.7297,-0.145,-0.55,15.9
7,3,-70.473,-39.5946,-0.427,-0.537,22.2
7,4,-70.473,-39.4595,0.624,-0.413,18.6
7,5,-70.473,-39.3243,0.557,-0.568,10.9
7,6,-70.473,-39.1892,0.8,0.143,16.2
7,7,-70.473,-39.0541,0.796,0.123,19.3
7,8,-70.473,-38.9189,0.222,-0.464,19.6
7,9,-70.473,-38.7838,0.5,0.236,18.3
7,10,-70.473,-38.6486,0.728,-0.445,22.4
7,11,-70.473,-38.5135,0.605,-0.299,22.4
7,12,-70.473,-38.3784,-0.178,-0.351,16.6
7,13,-70.473,-38.2432,0.086,-0.228,13.6
7,14,-70.473,-38.1081,-0.332,-0.345,17.8
7,15,-70.473,-37.973,0.74,-0.111,21.4
7,16,-70.473,-37.8378,0.288,-0.193,5.1
7,17,-70.473,-37.7027,-0.203,0.387,24.8
7,18,-70.473,-37.5676,0.373,-0.544,8.7
7,19,-70.473,-37.4324,0.304,-0.458,14.4
7,20,-70.473,-37.2973,-0.034,-0.547,22.4
7,21,-70.473,-37.1622,-0.352,0.026,9.5
7,22,-70.473,-37.027,0.373,-0.545,14.5
7,23,-70.473,-36.8919,0.176,0.236,7.7
7,24,-70.473,-36.7568,0.504,-0.088,12.9
7,25,-70.473,-36.6216,0.176,-0.073,8.5
7,26,-70.473,-36.4865,0.608,-0.038,12.3
7,27,-70.473,-36.3514,0.217,-0.429,12.5
7,28,-70.473,-36.2162,0.229,-0.402,24.9
7,29,-70.473,-36.0811,0.64,-0.281,24.9
7,30,-70.473,-35.9459,0.025,-0.007,7.3
7,31,-70.473,-35.8108,-0.326,-0.39,19.5
7,32,-70.473,-35.6757,-0.463,-0.484,6.0
7,33,-70.473,-35.5405,0.482,0.37,5.6
7,34,-70.473,-35.4054,0.306,-0.578,7.1
7,35,-70.473,-35.2703,0.415,0.203,24.3
7,36,-70.473,-35.1351,-0.223,0.188,23.8
7,37,-70.473,-35.0,-0.323,-0.303,8.9
7,38,-70.473,-34.8649,-0.481,-0.464,8.2
7,39,-70.473,-34.7297,-0.044,-0.454,9.8
7,40,-70.473,-34.5946,0.267,0.097,15.3
7,41,-70.473,-34.4595,0.01,0.043,16.4
7,42,-70.473,-34.3243,0.069,0.183,9.4
7,43,-70.473,-34.1892,0.675,0.337,20.1
7,44,-70.473,-34.0541,-0.047,0.092,11.2
7,45,-70.473,-33.9189,0.168,-0.444,23.4
7,46,-70.473,-33.7838,0.519,-0.357,18.1
7,47,-70.473,-33.6486,0.016,0.242,13.7
7,48,-70.473,-33.5135,0.309,-0.391,20.8
7,49,-70.473,-33.3784,0.621,-0.527,21.4
7,50,-70.473,-33.2432,0.734,0.103,10.8
7,51,-70.473,-33.1081,-0.309,-0.197,11.8
7,52,-70.473,-32.973,0.705,0.32,23.7
7,53,-70.473,-32.8378,0.14,0.05,8.3
7,54,-70.473,-32.7027,-0.164,-0.51,5.8
7,55,-70.473,-32.5676,0.097,0.348,14.1
7,56,-70.473,-32.4324,0.774,-0.341,21.0
7,57,-70.473,-32.2973,0.14,-0.263,20.4
7,58,-70.473,-32.1622,-0.073,-0.198,23.4
7,59,-70.473,-32.027,0.323,-0.549,15.7
7,60,-70.473,-31.8919,-0.188,-0.103,7.0
7,61,-70.473,-31.7568,-0.401,-0.477,16.8
7,62,-70.473,-31.6216,-0.332,-0.199,20.6
7,63,-70.473,-31.4865,-0.334,-0.249,6.9
7,64,-70.473,-31.3514,-0.303,0.173,8.5
7,65,-70.473,-31.2162,-0.32,0.203,5.2
7,66,-70.473,-31.0811,0.333,-0.447,16.9
7,67,-70.473,-30.9459,-0.264,-0.233,22.7
7,68,-70.473,-30.8108,-0.051,-0.227,18.4
7,69,-70.473,-30.6757,0.666,-0.449,24.6
7,70,-70.473,-30.5405,0.116,0.198,6.3
7,71,-70.473,-30.4054,0.368,0.107,23.1
7,72,-70.473,-30.2703,-0.276,-0.41,21.3
7,73,-70.473,-30.1351,-0.25,-0.233,11.3
7,74,-70.473,-30.0,-0.447,-0.494,24.5
8,0,-70.5405,-40.0,-0.28,0.028,10.8
8,1,-70.5405,-39.8649,-0.138,-0.479,22.8
8,2,-70.5405,-39.7297,-0.27,0.386,22.6
8,3,-70.5405,-39.5946,-0.385,0.181,20.2
8,4,-70.5405,-39.4595,-0.343,-0.21,16.3
8,5,-70.5405,-39.3243,0.099,-0.021,7.4
8,6,-70.5405,-39.1892,-0.232,0.311,15.6
8,7,-70.5405,-39.0541,-0.026,-0.046,12.1
8,8,-70.5405,-38.9189,0.154,-0.426,20.8
8,9,-70.5405,-38.7838,0.398,-0.221,20.2
8,10,-70.5405,-38.6486,-0.449,0.243,23.2
8,11,-70.5405,-38.5135,0.539,0.044,5.3
8,12,-70.5405,-38.3784,0.316,0.051,21.2
8,13,-70.5405,-38.2432,-0.394,0.267,23.8
8,14,-70.5405,-38.1081,0.636,0.294,20.8
8,15,-70.5405,-37.973,0.697,0.32,7.6
8,16,-70.5405,-37.8378,-0.421,-0.505,6.6
8,17,-70.5405,-37.7027,-0.14,-0.056,5.4
8,18,-70.5405,-37.5676,0.548,0.141,17.6
8,19,-70.5405,-37.4324,0.473,0.157,17.6
8,20,-70.5405,-37.2973,-0.26,0.007,24.7
8,21,-70.5405,-37.1622,-0.228,-0.433,13.0
8,22,-70.5405,-37.027,-0.018,0.197,11.6
8,23,-70.5405,-36.8919,0.13,0.12,17.5
8,24,-70.5405,-36.7568,0.304,-0.514,21.5
8,25,-70.5405,-36.6216,-0.02,-0.136,23.7
8,26,-70.5405,-36.4865,0.101,-0.426,21.1
8,27,-70.5405,-36.3514,0.472,-0.263,13.5
8,28,-70.5405,-36.2162,-0.452,-0.582,17.7
8,29,-70.5405,-36.0811,-0.172,-0.2,22.1
8,30,-70.5405,-35.9459,0.427,-0.05,14.8
8,31,-70.5405,-35.8108,0.664,0.02,9.3
8,32,-70.5405,-35.6757,0.165,0.063,8.4
8,33,-70.5405,-35.5405,0.192,0.236,5.0
8,34,-70.5405,-35.4054,-0.361,-0.385,19.4
8,35,-70.5405,-35.2703,0.082,-0.48,7.2
8,36,-70.5405,-35.1351,0.192,0.252,9.9
8,37,-70.5405,-35.0,-0.185,-0.443,11.0
8,38,-70.5405,-34.8649,-0.15,0.375,16.2
8,39,-70.5405,-34.7297,-0.01,0.243,13.0
8,40,-70.5405,-34.5946,-0.474,-0.099,18.5
8,41,-70.5405,-34.4595,-0.081,0.381,6.1
8,42,-70.5405,-34.3243,-0.225,-0.503,7.5
8,43,-70.5405,-34.1892,-0.074,-0.297,15.0
8,44,-70.5405,-34.0541,-0.344,0.038,11.7
8,45,-70.5405,-33.9189,0.658,-0.25,10.9
8,46,-70.5405,-33.7838,0.272,0.328,6.3
8,47,-70.5405,-33.6486,0.383,-0.534,22.9
8,48,-70.5405,-33.5135,0.526,-0.051,18.8
8,49,-70.5405,-33.3784,0.148,-0.009,7.4
8,50,-70.5405,-33.2432,-0.387,0.053,6.3
8,51,-70.5405,-33.1081,0.198,-0.344,24.5
8,52,-70.5405,-32.973,0.263,-0.235,18.6
8,53,-70.5405,-32.8378,0.469,0.244,13.3
8,54,-70.5405,-32.7027,0.061,-0.405,19.0
8,55,-70.5405,-32.5676,-0.334,0.227,20.1
8,56,-70.5405,-32.4324,-0.131,-0.037,20.6
8,57,-70.5405,-32.2973,-0.028,0.162,14.6
8,58,-70.5405,-32.1622,0.34,0.114,13.6
8,59,-70.5405,-32.027,0.242,-0.392,5.2
8,60,-70.5405,-31.8919,-0.037,-0.031,23.5
8,61,-70.5405,-31.7568,0.782,0.268,17.1
8,62,-70.5405,-31.6216,0.288,-0.168,9.1
8,63,-70.5405,-31.4865,-0.192,0.367,23.4
8,64,-70.5405,-31.3514,-0.368,-0.148,23.3
8,65,-70.5405,-31.2162,-0.301,-0.457,24.8
8,66,-70.5405,-31.0811,-0.18,-0.211,22.5
8,67,-70.5405,-30.9459,-0.291,0.352,25.0
8,68,-70.5405,-30.8108,-0.257,-0.28,9.9
8,69,-70.5405,-30.6757,-0.129,0.268,21.8
8,70,-70.5405,-30.5405,-0.275,0.281,21.5
8,71,-70.5405,-30.4054,0.666,-0.25,9.6
8,72,-70.5405,-30.2703,-0.396,-0.517,7.0
8,73,-70.5405,-30.1351,0.182,0.125,24.6
8,74,-70.5405,-30.0,0.034,-0.288,10.9
9,0,-70.6081,-40.0,0.777,0.183,22.4
9,1,-70.6081,-39.8649,-0.354,-0.157,5.1
9,2,-70.6081,-39.7297,0.017,-0.115,5.4
9,3,-70.6081,-39.5946,0.76,0.178,14.3
9,4,-70.6081,-39.4595,0.625,-0.218,9.8
9,5,-70.6081,-39.3243,0.562,-0.157,18.8
9,6,-70.6081,-39.1892,-0.165,-0.224,16.3
9,7,-70.6081,-39.0541,-0.278,-0.233,6.5
9,8,-70.6081,-38.9189,0.369,-0.074,8.3
9,9,-70.6081,-38.7838,0.708,0.209,12.8
9,10,-70.6081,-38.6486,0.224,-0.238,8.7
9,11,-70.6081,-38.5135,0.243,-0.076,20.8
9,12,-70.6081,-38.3784,-0.136,0.071,13.3
9,13,-70.6081,-38.2432,0.5,-0.331,6.9
9,14,-70.6081,-38.1081,-0.257,-0.322,14.7
9,15,-70.6081,-37.973,-0.079,0.333,6.8
9,16,-70.6081,-37.8378,0.053,0.124,7.6
9,17,-70.6081,-37.7027,0.16,-0.023,9.8
9,18,-70.6081,-37.5676,-0.185,0.048,22.2
9,19,-70.6081,-37.4324,-0.351,-0.571,23.5
9,20,-70.6081,-37.2973,0.294,0.018,21.5
9,21,-70.6081,-37.1622,-0.125,-0.09,11.7
9,22,-70.6081,-37.027,0.256,-0.054,10.4
9,23,-70.6081,-36.8919,-0.299,-0.241,16.0
9,24,-70.6081,-36.7568,0.125,-0.519,19.4
9,25,-70.6081,-36.6216,0.192,-0.407,24.9
9,26,-70.6081,-36.4865,-0.433,0.351,7.6
9,27,-70.6081,-36.3514,-0.062,-0.191,6.0
9,28,-70.6081,-36.2162,-0.325,-0.133,18.9
9,29,-70.6081,-36.0811,-0.418,-0.547,21.6
9,30,-70.6081,-35.9459,0.787,-0.562,21.9
9,31,-70.6081,-35.8108,-0.081,0.117,18.6
9,32,-70.6081,-35.6757,0.553,-0.062,24.1
9,33,-70.6081,-35.5405,-0.169,-0.091,15.2
9,34,-70.6081,-35.4054,0.386,-0.357,23.3
9,35,-70.6081,-35.2703,0.488,0.145,24.4
9,36,-70.6081,-35.1351,0.274,-0.432,21.9
9,37,-70.6081,-35.0,0.113,-0.41,11.2
9,38,-70.6081,-34.8649,0.035,-0.139,8.9
9,39,-70.6081,-34.7297,-0.046,-0.314,16.0
9,40,-70.6081,-34.5946,0.708,-0.353,14.1
9,41,-70.6081,-34.4595,0.58,0.045,22.6
9,42,-70.6081,-34.3243,0.755,0.051,7.0
9,43,-70.6081,-34.1892,-0.338,0.225,10.2
9,44,-70.6081,-34.0541,0.45,-0.182,20.0
9,45,-70.6081,-33.9189,0.72,-0.527,6.9
9,46,-70.6081,-33.7838,-0.264,-0.326,11.4
9,47,-70.6081,-33.6486,-0.414,0.38,12.7
9,48,-70.6081,-33.5135,0.463,-0.004,17.5
9,49,-70.6081,-33.3784,0.247,0.11,8.2
9,50,-70.6081,-33.2432,0.594,-0.593,22.2
9,51,-70.6081,-33.1081,-0.318,-0.082,14.0
9,52,-70.6081,-32.973,0.534,-0.562,23.3
9,53,-70.6081,-32.8378,-0.238,-0.031,14.4
9,54,-70.6081,-32.7027,-0.287,0.321,10.5
9,55,-70.6081,-32.5676,-0.286,0.368,7.8
9,56,-70.6081,-32.4324,0.559,-0.059,5.1
9,57,-70.6081,-32.2973,0.365,-0.142,15.6
9,58,-70.6081,-32.1622,0.18,0.345,7.1
9,59,-70.6081,-32.027,-0.034,0.074,12.8
9,60,-70.6081,-31.8919,0.64,-0.535,16.8
9,61,-70.6081,-31.7568,0.01,-0.134,10.5
9,62,-70.6081,-31.6216,0.562,-0.36,8.5
9,63,-70.6081,-31.4865,0.071,-0.13,20.5
9,64,-70.6081,-31.3514,-0.01,-0.145,23.9
9,65,-70.6081,-31.2162,0.101,-0.018,7.0
9,66,-70.6081,-31.0811,-0.108,-0.243,8.1
9,67,-70.6081,-30.9459,0.472,-0.436,24.2
9,68,-70.6081,-30.8108,0.154,-0.096,5.8
9,69,-70.6081,-30.6757,-0.198,0.23,24.6
9,70,-70.6081,-30.5405,0.669,0.064,5.1
9,71,-70.6081,-30.4054,-0.001,-0.262,22.5
9,72,-70.6081,-30.2703,0.207,0.336,11.1
9,73,-70.6081,-30.1351,0.678,0.312,23.8
9,74,-70.6081,-30.0,0.312,-0.391,11.3
10,0,-70.6757,-40.0,-0.348,-0.561,18.1
10,1,-70.6757,-39.8649,0.722,0.141,6.6
10,2,-70.6757,-39.7297,0.316,0.228,9.8
10,3,-70.6757,-39.5946,-0.065,0.368,20.5
10,4,-70.6757,-39.4595,-0.319,0.29,15.6
10,5,-70.6757,-39.3243,0.532,0.001,23.6
10,6,-70.6757,-39.1892,0.306,-0.07,13.6
10,7,-70.6757,-39.0541,0.193,-0.572,22.4
10,8,-70.6757,-38.9189,0.662,-0.353,14.0
10,9,-70.6757,-38.7838,0.525,-0.14,24.6
10,10,-70.6757,-38.6486,-0.303,0.029,24.2
10,11,-70.6757,-38.5135,-0.095,-0.043,11.6
10,12,-70.6757,-38.3784,-0.177,0.143,22.7
10,13,-70.6757,-38.2432,0.467,-0.32,22.0
10,14,-70.6757,-38.1081,-0.456,-0.035,9.2
10,15,-70.6757,-37.973,0.241,-0.512,17.5
10,16,-70.6757,-37.8378,0.491,-0.186,6.5
10,17,-70.6757,-37.7027,0.64,0.15,21.7
10,18,-70.6757,-37.5676,-0.055,0.093,8.5
10,19,-70.6757,-37.4324,0.568,0.391,6.4
10,20,-70.6757,-37.2973,-0.356,-0.322,13.0
10,21,-70.6757,-37.1622,0.6,-0.102,16.5
10,22,-70.6757,-37.027,-0.334,-0.27,22.1
10,23,-70.6757,-36.8919,0.016,-0.159,24.5
10,24,-70.6757,-36.7568,0.536,0.257,13.8
10,25,-70.6757,-36.6216,-0.305,0.084,6.2
10,26,-70.6757,-36.4865,-0.202,0.282,20.0
10,27,-70.6757,-36.3514,0.439,-0.396,16.3
10,28,-70.6757,-36.2162,0.436,0.273,14.0
10,29,-70.6757,-36.0811,0.333,-0.54,11.2
10,30,-70.6757,-35.9459,0.402,0.289,15.0
10,31,-70.6757,-35.8108,0.206,-0.271,11.8
10,32,-70.6757,-35.6757,-0.173,-0.285,20.1
10,33,-70.6757,-35.5405,-0.051,-0.088,15.9
10,34,-70.6757,-35.4054,-0.264,0.341,22.5
10,35,-70.6757,-35.2703,0.681,-0.552,15.9
10,36,-70.6757,-35.1351,0.258,-0.248,9.8
10,37,-70.6757,-35.0,0.021,0.257,22.0
10,38,-70.6757,-34.8649,0.101,-0.204,16.1
10,39,-70.6757,-34.7297,0.731,-0.401,9.1
10,40,-70.6757,-34.5946,-0.301,-0.175,17.5
10,41,-70.6757,-34.4595,0.262,-0.214,12.2
10,42,-70.6757,-34.3243,0.158,0.315,21.9
10,43,-70.6757,-34.1892,0.295,0.162,14.1
10,44,-70.6757,-34.0541,-0.476,-0.095,19.5
10,45,-70.6757,-33.9189,0.634,0.388,6.9
10,46,-70.6757,-33.7838,0.712,-0.135,12.9
10,47,-70.6757,-33.6486,0.235,-0.542,24.7
10,48,-70.6757,-33.5135,0.406,-0.338,21.2
10,49,-70.6757,-33.3784,0.699,-0.164,8.2
10,50,-70.6757,-33.2432,0.419,-0.443,10.6
10,51,-70.6757,-33.1081,-0.302,0.348,11.6
10,52,-70.6757,-32.973,0.249,0.167,18.0
10,53,-70.6757,-32.8378,0.289,-0.332,20.1
10,54,-70.6757,-32.7027,0.051,-0.009,20.0
10,55,-70.6757,-32.5676,0.457,0.121,15.2
10,56,-70.6757,-32.4324,0.715,0.341,21.2
10,57,-70.6757,-32.2973,0.703,0.282,13.7
10,58,-70.6757,-32.1622,0.086,-0.085,7.5
10,59,-70.6757,-32.027,-0.353,0.175,16.3
10,60,-70.6757,-31.8919,0.78,-0.038,24.0
10,61,-70.6757,-31.7568,0.591,-0.047,20.9
10,62,-70.6757,-31.6216,-0.338,-0.485,16.6
10,63,-70.6757,-31.4865,0.697,-0.474,17.9
10,64,-70.6757,-31.3514,0.631,-0.07,23.6
10,65,-70.6757,-31.2162,0.174,-0.331,13.6
10,66,-70.6757,-31.0811,0.269,-0.579,11.6
10,67,-70.6757,-30.9459,0.019,0.123,24.5
10,68,-70.6757,-30.8108,-0.429,-0.568,22.3
10,69,-70.6757,-30.6757,-0.064,-0.005,11.5
10,70,-70.6757,-30.5405,0.544,-0.061,14.3
10,71,-70.6757,-30.4054,-0.494,0.369,13.3
10,72,-70.6757,-30.2703,-0.066,-0.116,8.0
10,73,-70.6757,-30.1351,0.018,-0.536,24.2
10,74,-70.6757,-30.0,0.199,-0.048,13.1
11,0,-70.7432,-40.0,0.696,0.241,22.5
11,1,-70.7432,-39.8649,-0.05,0.397,8.8
11,2,-70.7432,-39.7297,-0.049,-0.17,16.0
11,3,-70.7432,-39.5946,0.459,-0.28,5.5
11,4,-70.7432,-39.4595,0.088,0.307,20.3
11,5,-70.7432,-39.3243,-0.208,-0.409,16.6
11,6,-70.7432,-39.1892,0.088,0.015,17.5
11,7,-70.7432,-39.0541,-0.317,-0.194,6.0
11,8,-70.7432,-38.9189,-0.271,-0.559,9.2
11,9,-70.7432,-38.7838,0.148,-0.253,6.5
11,10,-70.7432,-38.6486,0.045,-0.335,10.8
11,11,-70.7432,-38.5135,0.689,0.086,17.5
11,12,-70.7432,-38.3784,-0.029,0.349,16.3
11,13,-70.7432,-38.2432,0.255,-0.332,17.2
11,14,-70.7432,-38.1081,0.322,0.211,16.0
11,15,-70.7432,-37.973,-0.483,-0.545,10.5
11,16,-70.7432,-37.8378,0.363,-0.062,9.9
11,17,-70.7432,-37.7027,-0.269,-0.529,7.7
11,18,-70.7432,-37.5676,0.749,0.334,22.0
11,19,-70.7432,-37.4324,-0.307,0.166,17.3
11,20,-70.7432,-37.2973,0.039,0.058,8.7
11,21,-70.7432,-37.1622,-0.389,0.224,8.5
11,22,-70.7432,-37.027,0.796,0.048,22.5
11,23,-70.7432,-36.8919,0.153,0.369,19.9
11,24,-70.7432,-36.7568,0.274,0.114,18.2
11,25,-70.7432,-36.6216,-0.413,0.325,13.1
11,26,-70.7432,-36.4865,0.475,-0.083,10.2
11,27,-70.7432,-36.3514,-0.227,-0.483,24.6
11,28,-70.7432,-36.2162,0.667,-0.072,20.9
11,29,-70.7432,-36.0811,-0.233,-0.473,11.0
11,30,-70.7432,-35.9459,-0.252,-0.008,22.0
11,31,-70.7432,-35.8108,-0.452,-0.118,20.2
11,32,-70.7432,-35.6757,0.114,0.023,10.9
11,33,-70.7432,-35.5405,0.234,-0.59,13.5
11,34,-70.7432,-35.4054,-0.415,-0.405,8.7
11,35,-70.7432,-35.2703,0.508,-0.109,7.2
11,36,-70.7432,-35.1351,0.089,0.351,19.5
11,37,-70.7432,-35.0,0.182,-0.216,10.4
11,38,-70.7432,-34.8649,0.073,-0.176,21.4
11,39,-70.7432,-34.7297,0.021,0.115,24.9
11,40,-70.7432,-34.5946,0.228,0.004,6.5
11,41,-70.7432,-34.4595,-0.298,-0.301,14.5
11,42,-70.7432,-34.3243,-0.263,-0.189,21.0
11,43,-70.7432,-34.1892,0.62,-0.382,20.8
11,44,-70.7432,-34.0541,0.73,0.366,20.2
11,45,-70.7432,-33.9189,-0.015,-0.469,12.0
11,46,-70.7432,-33.7838,-0.148,-0.228,14.1
11,47,-70.7432,-33.6486,0.337,-0.574,16.9
11,48,-70.7432,-33.5135,0.031,-0.378,24.5
11,49,-70.7432,-33.3784,-0.467,0.18,11.6
11,50,-70.7432,-33.2432,-0.297,-0.399,23.5
11,51,-70.7432,-33.1081,0.431,-0.52,10.4
11,52,-70.7432,-32.973,0.357,-0.126,24.8
11,53,-70.7432,-32.8378,-0.465,-0.59,18.4
11,54,-70.7432,-32.7027,-0.211,-0.515,14.3
11,55,-70.7432,-32.5676,-0.2,0.208,17.3
11,56,-70.7432,-32.4324,0.373,0.171,10.5
11,57,-70.7432,-32.2973,-0.474,0.315,10.5
11,58,-70.7432,-32.1622,-0.365,0.255,7.3
11,59,-70.7432,-32.027,0.54,0.083,7.3
11,60,-70.7432,-31.8919,-0.268,-0.548,12.0
11,61,-70.7432,-31.7568,0.349,0.183,20.3
11,62,-70.7432,-31.6216,-0.19,0.246,17.2
11,63,-70.7432,-31.4865,-0.371,0.199,7.1
11,64,-70.7432,-31.3514,-0.184,-0.092,22.0
11,65,-70.7432,-31.2162,0.439,-0.367,17.0
11,66,-70.7432,-31.0811,0.612,0.245,24.2
11,67,-70.7432,-30.9459,0.579,0.127,18.4
11,68,-70.7432,-30.8108,0.016,0.381,8.5
11,69,-70.7432,-30.6757,0.369,-0.444,14.5
11,70,-70.7432,-30.5405,-0.234,-0.374,18.0
11,71,-70.7432,-30.4054,-0.119,-0.388,5.6
11,72,-70.7432,-30.2703,0.665,0.193,5.3
11,73,-70.7432,-30.1351,-0.483,-0.413,7.6
11,74,-70.7432,-30.0,-0.389,-0.533,10.0
12,0,-70.8108,-40.0,-0.23,0.399,13.6
12,1,-70.8108,-39.8649,-0.466,-0.575,14.7
12,2,-70.8108,-39.7297,-0.264,0.235,7.8
12,3,-70.8108,-39.5946,0.258,-0.235,18.5
12,4,-70.8108,-39.4595,0.048,0.242,16.9
12,5,-70.8108,-39.3243,0.66,-0.045,10.9
12,6,-70.8108,-39.1892,0.563,0.302,5.3
12,7,-70.8108,-39.0541,-0.056,0.326,6.6
12,8,-70.8108,-38.9189,-0.163,-0.591,12.8
12,9,-70.8108,-38.7838,-0.006,-0.525,8.1
12,10,-70.8108,-38.6486,0.267,-0.35,12.5
12,11,-70.8108,-38.5135,-0.152,0.069,17.6
12,12,-70.8108,-38.3784,0.311,0.288,15.9
12,13,-70.8108,-38.2432,0.032,-0.14,9.6
12,14,-70.8108,-38.1081,0.218,0.007,11.9
12,15,-70.8108,-37.973,0.067,-0.412,17.3
12,16,-70.8108,-37.8378,-0.117,0.205,22.2
12,17,-70.8108,-37.7027,0.733,0.367,20.1
12,18,-70.8108,-37.5676,0.493,-0.331,16.1
12,19,-70.8108,-37.4324,-0.318,-0.105,12.2
12,20,-70.8108,-37.2973,0.629,-0.514,12.3
12,21,-70.8108,-37.1622,0.134,-0.041,22.6
12,22,-70.8108,-37.027,0.663,-0.097,5.8
12,23,-70.8108,-36.8919,0.54,-0.456,24.8
12,24,-70.8108,-36.7568,0.053,-0.158,18.3
12,25,-70.8108,-36.6216,-0.471,-0.266,18.6
12,26,-70.8108,-36.4865,-0.151,-0.078,5.8
12,27,-70.8108,-36.3514,0.204,-0.014,17.1
12,28,-70.8108,-36.2162,0.324,-0.592,14.7
12,29,-70.8108,-36.0811,-0.165,0.161,7.1
12,30,-70.8108,-35.9459,-0.319,0.113,10.6
12,31,-70.8108,-35.8108,0.585,-0.234,22.8
12,32,-70.8108,-35.6757,0.78,-0.547,16.0
12,33,-70.8108,-35.5405,0.183,0.155,13.3
12,34,-70.8108,-35.4054,-0.277,0.355,6.5
12,35,-70.8108,-35.2703,-0.146,-0.36,19.3
12,36,-70.8108,-35.1351,-0.476,-0.276,19.1
12,37,-70.8108,-35.0,0.689,-0.416,17.3
12,38,-70.8108,-34.8649,-0.347,-0.023,15.2
12,39,-70.8108,-34.7297,0.249,-0.445,13.7
12,40,-70.8108,-34.5946,-0.144,-0.244,16.9
12,41,-70.8108,-34.4595,0.22,0.097,9.7
12,42,-70.8108,-34.3243,0.347,-0.04,23.8
12,43,-70.8108,-34.1892,0.579,-0.214,16.8
12,44,-70.8108,-34.0541,-0.232,-0.18,11.2
12,45,-70.8108,-33.9189,-0.486,-0.038,14.0
12,46,-70.8108,-33.7838,-0.322,-0.594,21.1
12,47,-70.8108,-33.6486,0.67,-0.521,8.2
12,48,-70.8108,-33.5135,0.636,0.281,10.9
12,49,-70.8108,-33.3784,0.277,-0.522,18.6
12,50,-70.8108,-33.2432,0.281,0.107,11.3
12,51,-70.8108,-33.1081,0.365,0.32,20.9
12,52,-70.8108,-32.973,-0.272,-0.329,7.6
12,53,-70.8108,-32.8378,0.689,-0.23,20.3
12,54,-70.8108,-32.7027,0.044,-0.031,6.4
12,55,-70.8108,-32.5676,-0.002,0.282,5.3
12,56,-70.8108,-32.4324,0.175,0.342,23.0
12,57,-70.8108,-32.2973,-0.439,0.14,16.6
12,58,-70.8108,-32.1622,-0.284,-0.513,12.0
12,59,-70.8108,-32.027,0.459,0.069,9.7
12,60,-70.8108,-31.8919,-0.392,-0.19,17.3
12,61,-70.8108,-31.7568,0.284,-0.129,15.2
12,62,-70.8108,-31.6216,-0.181,-0.551,24.8
12,63,-70.8108,-31.4865,0.006,-0.409,24.7
12,64,-70.8108,-31.3514,-0.125,0.191,17.7
12,65,-70.8108,-31.2162,-0.038,-0.146,13.9
12,66,-70.8108,-31.0811,0.435,-0.298,14.8
12,67,-70.8108,-30.9459,-0.114,-0.216,18.6
12,68,-70.8108,-30.8108,0.236,0.254,7.0
12,69,-70.8108,-30.6757,0.119,0.149,11.6
12,70,-70.8108,-30.5405,0.363,-0.328,6.5
12,71,-70.8108,-30.4054,0.718,-0.482,6.5
12,72,-70.8108,-30.2703,0.452,-0.348,8.9
12,73,-70.8108,-30.1351,-0.221,0.321,14.7
12,74,-70.8108,-30.0,-0.459,-0.018,20.7
13,0,-70.8784,-40.0,-0.159,-0.067,14.7
13,1,-70.8784,-39.8649,0.274,-0.004,11.7
13,2,-70.8784,-39.7297,-0.433,-0.234,6.6
13,3,-70.8784,-39.5946,0.145,0.207,16.0
13,4,-70.8784,-39.4595,0.276,-0.077,10.4
13,5,-70.8784,-39.3243,-0.065,-0.483,17.3
13,6,-70.8784,-39.1892,0.502,-0.471,24.5
13,7,-70.8784,-39.0541,-0.361,-0.063,7.2
13,8,-70.8784,-38.9189,-0.402,0.337,9.2
13,9,-70.8784,-38.7838,0.447,-0.292,14.5
13,10,-70.8784,-38.6486,0.144,0.27,24.4
13,11,-70.8784,-38.5135,0.395,0.164,20.4
13,12,-70.8784,-38.3784,0.065,-0.352,23.0
13,13,-70.8784,-38.2432,-0.18,-0.564,11.7
13,14,-70.8784,-38.1081,0.565,-0.498,24.8
13,15,-70.8784,-37.973,0.539,0.128,7.1
13,16,-70.8784,-37.8378,0.403,-0.4,6.1
13,17,-70.8784,-37.7027,-0.146,-0.229,22.1
13,18,-70.8784,-37.5676,0.267,-0.098,23.5
13,19,-70.8784,-37.4324,-0.031,0.125,6.8
13,20,-70.8784,-37.2973,-0.381,-0.487,7.3
13,21,-70.8784,-37.1622,0.693,-0.194,5.7
13,22,-70.8784,-37.027,-0.322,-0.115,7.1
13,23,-70.8784,-36.8919,0.735,-0.059,9.2
13,24,-70.8784,-36.7568,0.08,0.218,24.4
13,25,-70.8784,-36.6216,-0.259,-0.428,18.4
13,26,-70.8784,-36.4865,0.204,0.208,20.6
13,27,-70.8784,-36.3514,0.635,0.093,20.5
13,28,-70.8784,-36.2162,0.452,-0.044,15.7
13,29,-70.8784,-36.0811,0.549,0.1,20.9
13,30,-70.8784,-35.9459,0.356,-0.188,16.9
13,31,-70.8784,-35.8108,0.4,-0.462,11.3
13,32,-70.8784,-35.6757,0.604,0.066,16.2
13,33,-70.8784,-35.5405,-0.175,-0.075,15.7
13,34,-70.8784,-35.4054,0.136,0.039,21.5
13,35,-70.8784,-35.2703,-0.212,-0.262,24.6
13,36,-70.8784,-35.1351,0.784,0.307,13.2
13,37,-70.8784,-35.0,0.727,-0.013,20.3
13,38,-70.8784,-34.8649,-0.449,-0.515,7.0
13,39,-70.8784,-34.7297,0.417,-0.15,20.5
13,40,-70.8784,-34.5946,0.703,0.156,12.4
13,41,-70.8784,-34.4595,-0.265,0.194,5.8
13,42,-70.8784,-34.3243,0.238,-0.105,12.3
13,43,-70.8784,-34.1892,0.69,0.295,17.2
13,44,-70.8784,-34.0541,-0.456,-0.332,7.4
13,45,-70.8784,-33.9189,0.407,-0.189,23.5
13,46,-70.8784,-33.7838,-0.113,0.299,6.6
13,47,-70.8784,-33.6486,0.702,0.296,23.6
13,48,-70.8784,-33.5135,0.762,0.086,19.1
13,49,-70.8784,-33.3784,0.728,0.259,11.6
13,50,-70.8784,-33.2432,0.116,-0.511,12.8
13,51,-70.8784,-33.1081,0.621,0.265,19.8
13,52,-70.8784,-32.973,0.598,-0.279,17.0
13,53,-70.8784,-32.8378,-0.085,-0.422,18.4
13,54,-70.8784,-32.7027,0.578,-0.361,12.8
13,55,-70.8784,-32.5676,-0.452,-0.182,14.8
13,56,-70.8784,-32.4324,0.275,-0.349,24.8
13,57,-70.8784,-32.2973,-0.201,-0.279,9.3
13,58,-70.8784,-32.1622,-0.343,-0.465,13.4
13,59,-70.8784,-32.027,-0.4,-0.304,10.8
13,60,-70.8784,-31.8919,0.405,-0.028,20.3
13,61,-70.8784,-31.7568,-0.058,-0.158,20.3
13,62,-70.8784,-31.6216,0.442,-0.253,10.8
13,63,-70.8784,-31.4865,-0.415,0.146,6.6
13,64,-70.8784,-31.3514,-0.09,0.294,5.2
13,65,-70.8784,-31.2162,0.201,0.157,13.5
13,66,-70.8784,-31.0811,0.528,-0.268,13.2
13,67,-70.8784,-30.9459,-0.086,0.144,24.8
13,68,-70.8784,-30.8108,0.314,-0.448,14.4
13,69,-70.8784,-30.6757,0.652,-0.47,10.1
13,70,-70.8784,-30.5405,0.301,-0.254,22.8
13,71,-70.8784,-30.4054,-0.197,0.208,14.8
13,72,-70.8784,-30.2703,-0.468,-0.354,17.0
13,73,-70.8784,-30.1351,0.631,-0.537,6.9
13,74,-70.8784,-30.0,-0.472,-0.468,12.7
14,0,-70.9459,-40.0,0.637,0.259,23.9
14,1,-70.9459,-39.8649,0.188,0.034,16.8
14,2,-70.9459,-39.7297,0.721,-0.347,11.9
14,3,-70.9459,-39.5946,0.538,-0.045,17.5
14,4,-70.9459,-39.4595,0.797,-0.072,23.2
14,5,-70.9459,-39.3243,-0.044,0.055,10.5
14,6,-70.9459,-39.1892,0.497,-0.367,15.1
14,7,-70.9459,-39.0541,0.023,0.264,24.2
14,8,-70.9459,-38.9189,0.124,-0.291,8.4
14,9,-70.9459,-38.7838,0.316,0.094,19.4
14,10,-70.9459,-38.6486,0.636,-0.584,17.3
14,11,-70.9459,-38.5135,0.779,-0.227,18.6
14,12,-70.9459,-38.3784,0.499,-0.248,12.0
14,13,-70.9459,-38.2432,0.043,-0.057,11.3
14,14,-70.9459,-38.1081,0.048,-0.527,18.7
14,15,-70.9459,-37.973,0.459,0.19,9.3
14,16,-70.9459,-37.8378,-0.19,-0.382,13.4
14,17,-70.9459,-37.7027,-0.356,0.077,8.8
14,18,-70.9459,-37.5676,-0.039,0.203,5.2
14,19,-70.9459,-37.4324,-0.127,-0.038,24.4
14,20,-70.9459,-37.2973,-0.115,0.141,13.6
14,21,-70.9459,-37.1622,-0.196,0.062,24.4
14,22,-70.9459,-37.027,-0.445,-0.244,7.8
14,23,-70.9459,-36.8919,-0.477,0.209,16.7
14,24,-70.9459,-36.7568,0.784,-0.305,9.0
14,25,-70.9459,-36.6216,0.056,-0.029,20.8
14,26,-70.9459,-36.4865,-0.0,0.145,20.7
14,27,-70.9459,-36.3514,0.384,-0.221,7.3
14,28,-70.9459,-36.2162,-0.216,-0.297,23.2
14,29,-70.9459,-36.0811,0.735,-0.141,8.9
14,30,-70.9459,-35.9459,0.522,0.218,17.3
14,31,-70.9459,-35.8108,-0.384,0.33,24.7
14,32,-70.9459,-35.6757,0.043,-0.055,22.6
14,33,-70.9459,-35.5405,0.643,0.061,24.1
14,34,-70.9459,-35.4054,0.728,0.303,11.9
14,35,-70.9459,-35.2703,0.108,-0.501,7.1
14,36,-70.9459,-35.1351,0.297,-0.368,8.8
14,37,-70.9459,-35.0,-0.283,0.109,15.0
14,38,-70.9459,-34.8649,0.789,0.224,20.9
14,39,-70.9459,-34.7297,-0.199,0.257,8.0
14,40,-70.9459,-34.5946,0.726,-0.185,18.2
14,41,-70.9459,-34.4595,0.345,-0.511,11.5
14,42,-70.9459,-34.3243,0.29,-0.162,11.8
14,43,-70.9459,-34.1892,0.166,-0.369,18.2
14,44,-70.9459,-34.0541,-0.2,-0.309,14.3
14,45,-70.9459,-33.9189,-0.271,0.172,21.2
14,46,-70.9459,-33.7838,-0.213,-0.524,8.1
14,47,-70.9459,-33.6486,-0.258,0.228,20.8
14,48,-70.9459,-33.5135,0.513,-0.172,6.3
14,49,-70.9459,-33.3784,-0.045,-0.004,8.9
14,50,-70.9459,-33.2432,-0.425,-0.51,18.1
14,51,-70.9459,-33.1081,0.76,-0.263,22.1
14,52,-70.9459,-32.973,0.649,-0.51,10.1
14,53,-70.9459,-32.8378,0.706,0.362,11.5
14,54,-70.9459,-32.7027,0.793,0.207,15.7
14,55,-70.9459,-32.5676,-0.274,-0.14,9.2
14,56,-70.9459,-32.4324,0.015,-0.376,21.2
14,57,-70.9459,-32.2973,0.486,0.333,20.5
14,58,-70.9459,-32.1622,0.405,-0.255,7.9
14,59,-70.9459,-32.027,-0.3,-0.439,14.3
14,60,-70.9459,-31.8919,0.561,-0.037,20.5
14,61,-70.9459,-31.7568,-0.208,0.344,11.7
14,62,-70.9459,-31.6216,-0.209,-0.596,17.7
14,63,-70.9459,-31.4865,0.198,-0.362,6.0
14,64,-70.9459,-31.3514,0.271,0.338,17.2
14,65,-70.9459,-31.2162,0.254,-0.429,8.1
14,66,-70.9459,-31.0811,-0.381,-0.487,21.6
14,67,-70.9459,-30.9459,0.641,-0.03,12.1
14,68,-70.9459,-30.8108,-0.155,0.262,10.6
14,69,-70.9459,-30.6757,-0.332,-0.123,21.8
14,70,-70.9459,-30.5405,0.655,0.395,6.0
14,71,-70.9459,-30.4054,0.742,0.079,12.9
14,72,-70.9459,-30.2703,0.621,-0.526,12.4
14,73,-70.9459,-30.1351,0.552,0.393,10.7
14,74,-70.9459,-30.0,0.352,-0.192,23.2
15,0,-71.0135,-40.0,0.216,-0.313,20.0
15,1,-71.0135,-39.8649,-0.387,-0.042,6.3
15,2,-71.0135,-39.7297,0.031,-0.296,19.3
15,3,-71.0135,-39.5946,-0.016,-0.514,15.5
15,4,-71.0135,-39.4595,-0.162,-0.599,23.0
15,5,-71.0135,-39.3243,0.44,-0.15,11.3
15,6,-71.0135,-39.1892,0.145,0.237,16.5
15,7,-71.0135,-39.0541,-0.395,-0.028,15.0
15,8,-71.0135,-38.9189,-0.214,0.399,14.8
15,9,-71.0135,-38.7838,0.388,-0.313,14.1
15,10,-71.0135,-38.6486,-0.401,-0.32,9.1
15,11,-71.0135,-38.5135,0.607,-0.44,20.1
15,12,-71.0135,-38.3784,0.144,-0.436,14.0
15,13,-71.0135,-38.2432,0.125,-0.315,24.2
15,14,-71.0135,-38.1081,0.27,0.193,10.2
15,15,-71.0135,-37.973,0.572,0.306,18.7
15,16,-71.0135,-37.8378,-0.048,0.375,23.8
15,17,-71.0135,-37.7027,0.381,-0.368,18.3
15,18,-71.0135,-37.5676,0.235,0.281,22.4
15,19,-71.0135,-37.4324,-0.153,-0.272,21.5
15,20,-71.0135,-37.2973,0.642,-0.487,12.2
15,21,-71.0135,-37.1622,0.537,0.27,17.0
15,22,-71.0135,-37.027,0.356,0.036,8.1
15,23,-71.0135,-36.8919,0.606,-0.435,15.7
15,24,-71.0135,-36.7568,0.627,-0.17,9.6
15,25,-71.0135,-36.6216,0.421,-0.313,19.9
15,26,-71.0135,-36.4865,0.588,0.137,15.6
15,27,-71.0135,-36.3514,0.407,-0.147,13.2
15,28,-71.0135,-36.2162,0.384,0.389,10.4
15,29,-71.0135,-36.0811,0.304,-0.545,25.0
15,30,-71.0135,-35.9459,0.479,-0.245,6.4
15,31,-71.0135,-35.8108,-0.294,-0.118,5.9
15,32,-71.0135,-35.6757,0.645,-0.097,9.3
15,33,-71.0135,-35.5405,0.633,-0.284,24.4
15,34,-71.0135,-35.4054,-0.462,0.129,24.6
15,35,-71.0135,-35.2703,0.574,0.275,18.1
15,36,-71.0135,-35.1351,-0.332,0.339,22.6
15,37,-71.0135,-35.0,-0.064,0.205,9.3
15,38,-71.0135,-34.8649,0.467,0.251,24.4
15,39,-71.0135,-34.7297,-0.291,-0.049,7.9
15,40,-71.0135,-34.5946,0.563,0.226,7.0
15,41,-71.0135,-34.4595,0.582,-0.296,7.2
15,42,-71.0135,-34.3243,0.16,-0.202,16.5
15,43,-71.0135,-34.1892,-0.492,-0.283,20.6
15,44,-71.0135,-34.0541,-0.127,-0.133,12.3
15,45,-71.0135,-33.9189,0.302,-0.314,24.6
15,46,-71.0135,-33.7838,0.776,0.362,13.7
15,47,-71.0135,-33.6486,0.321,-0.287,8.0
15,48,-71.0135,-33.5135,-0.162,-0.502,14.3
15,49,-71.0135,-33.3784,0.324,-0.073,18.6
15,50,-71.0135,-33.2432,0.202,-0.543,21.6
15,51,-71.0135,-33.1081,0.514,-0.489,14.2
15,52,-71.0135,-32.973,-0.361,-0.381,16.9
15,53,-71.0135,-32.8378,0.489,-0.136,10.3
15,54,-71.0135,-32.7027,0.204,-0.167,17.9
15,55,-71.0135,-32.5676,0.752,0.2,24.7
15,56,-71.0135,-32.4324,-0.056,0.139,6.0
15,57,-71.0135,-32.2973,0.322,-0.174,22.7
15,58,-71.0135,-32.1622,0.712,-0.266,16.2
15,59,-71.0135,-32.027,-0.367,-0.284,10.0
15,60,-71.0135,-31.8919,0.718,0.174,24.1
15,61,-71.0135,-31.7568,0.394,-0.548,14.7
15,62,-71.0135,-31.6216,-0.412,-0.587,11.6
15,63,-71.0135,-31.4865,-0.109,0.196,8.6
15,64,-71.0135,-31.3514,0.421,-0.123,9.9
15,65,-71.0135,-31.2162,-0.412,-0.469,21.7
15,66,-71.0135,-31.0811,0.257,-0.364,17.3
15,67,-71.0135,-30.9459,-0.05,0.333,23.3
15,68,-71.0135,-30.8108,0.307,0.26,9.6
15,69,-71.0135,-30.6757,-0.441,0.11,7.4
15,70,-71.0135,-30.5405,0.633,-0.118,5.1
15,71,-71.0135,-30.4054,0.766,-0.08,15.2
15,72,-71.0135,-30.2703,0.76,0.375,25.0
15,73,-71.0135,-30.1351,0.475,0.366,18.9
15,74,-71.0135,-30.0,-0.331,-0.385,11.2
16,0,-71.0811,-40.0,0.486,0.211,22.5
16,1,-71.0811,-39.8649,-0.468,-0.403,20.6
16,2,-71.0811,-39.7297,-0.471,-0.386,5.3
16,3,-71.0811,-39.5946,-0.079,0.076,21.3
16,4,-71.0811,-39.4595,0.135,-0.195,11.0
16,5,-71.0811,-39.3243,0.502,0.332,8.0
16,6,-71.0811,-39.1892,0.388,-0.511,9.5
16,7,-71.0811,-39.0541,0.08,-0.088,14.4
16,8,-71.0811,-38.9189,-0.144,0.319,13.5
16,9,-71.0811,-38.7838,0.796,0.304,10.8
16,10,-71.0811,-38.6486,0.054,-0.443,8.4
16,11,-71.0811,-38.5135,0.087,-0.233,20.2
16,12,-71.0811,-38.3784,-0.287,0.019,24.8
16,13,-71.0811,-38.2432,0.533,-0.441,20.6
16,14,-71.0811,-38.1081,0.402,0.368,10.9
16,15,-71.0811,-37.973,-0.213,0.315,9.9
16,16,-71.0811,-37.8378,-0.393,-0.433,9.4
16,17,-71.0811,-37.7027,0.385,-0.479,7.7
16,18,-71.0811,-37.5676,0.351,-0.515,16.0
16,19,-71.0811,-37.4324,-0.145,0.309,17.1
16,20,-71.0811,-37.2973,0.736,-0.406,19.1
16,21,-71.0811,-37.1622,-0.304,-0.184,18.6
16,22,-71.0811,-37.027,0.062,-0.151,10.8
16,23,-71.0811,-36.8919,0.727,-0.001,11.6
16,24,-71.0811,-36.7568,0.046,-0.528,18.6
16,25,-71.0811,-36.6216,0.33,-0.373,12.0
16,26,-71.0811,-36.4865,0.017,0.331,9.3
16,27,-71.0811,-36.3514,-0.144,0.308,12.5
16,28,-71.0811,-36.2162,0.779,0.181,10.4
16,29,-71.0811,-36.0811,0.032,-0.581,6.8
16,30,-71.0811,-35.9459,0.662,-0.273,21.6
16,31,-71.0811,-35.8108,-0.201,0.028,22.1
16,32,-71.0811,-35.6757,-0.223,-0.325,9.4
16,33,-71.0811,-35.5405,-0.46,0.31,6.3
16,34,-71.0811,-35.4054,0.347,0.034,19.8
16,35,-71.0811,-35.2703,-0.021,-0.528,9.2
16,36,-71.0811,-35.1351,0.624,0.309,12.9
16,37,-71.0811,-35.0,0.115,0.358,6.3
16,38,-71.0811,-34.8649,0.759,-0.522,9.5
16,39,-71.0811,-34.7297,-0.259,-0.068,20.9
16,40,-71.0811,-34.5946,0.629,-0.297,21.1
16,41,-71.0811,-34.4595,0.51,-0.207,9.1
16,42,-71.0811,-34.3243,0.502,-0.42,11.7
16,43,-71.0811,-34.1892,0.598,-0.022,7.7
16,44,-71.0811,-34.0541,0.489,0.358,6.5
16,45,-71.0811,-33.9189,0.314,-0.097,24.8
16,46,-71.0811,-33.7838,-0.329,-0.517,18.1
16,47,-71.0811,-33.6486,-0.458,0.02,15.8
16,48,-71.0811,-33.5135,0.697,-0.26,20.3
16,49,-71.0811,-33.3784,0.302,0.256,21.8
16,50,-71.0811,-33.2432,0.535,-0.165,21.1
16,51,-71.0811,-33.1081,0.126,-0.407,5.3
16,52,-71.0811,-32.973,-0.347,-0.409,8.7
16,53,-71.0811,-32.8378,-0.337,0.169,18.1
16,54,-71.0811,-32.7027,0.391,-0.334,12.5
16,55,-71.0811,-32.5676,0.059,0.167,24.6
16,56,-71.0811,-32.4324,-0.239,-0.394,18.3
16,57,-71.0811,-32.2973,0.139,-0.278,24.1
16,58,-71.0811,-32.1622,-0.417,-0.135,9.0
16,59,-71.0811,-32.027,0.257,0.343,22.3
16,60,-71.0811,-31.8919,-0.15,0.332,11.4
16,61,-71.0811,-31.7568,0.537,-0.393,24.8
16,62,-71.0811,-31.6216,-0.097,-0.242,8.2
16,63,-71.0811,-31.4865,0.092,-0.451,15.3
16,64,-71.0811,-31.3514,-0.485,-0.09,20.9
16,65,-71.0811,-31.2162,-0.406,-0.139,13.7
16,66,-71.0811,-31.0811,0.01,0.301,14.4
16,67,-71.0811,-30.9459,0.124,0.33,24.7
16,68,-71.0811,-30.8108,0.28,-0.216,13.5
16,69,-71.0811,-30.6757,-0.121,-0.108,17.1
16,70,-71.0811,-30.5405,0.403,0.296,6.1
16,71,-71.0811,-30.4054,0.618,0.207,21.8
16,72,-71.0811,-30.2703,0.514,-0.596,18.0
16,73,-71.0811,-30.1351,-0.448,-0.28,13.1
16,74,-71.0811,-30.0,0.125,-0.178,5.3
17,0,-71.1486,-40.0,-0.364,-0.37,16.8
17,1,-71.1486,-39.8649,-0.185,-0.4,5.3
17,2,-71.1486,-39.7297,0.783,-0.562,5.0
17,3,-71.1486,-39.5946,-0.315,0.043,17.3
17,4,-71.1486,-39.4595,0.149,-0.337,8.8
17,5,-71.1486,-39.3243,0.304,-0.548,8.8
17,6,-71.1486,-39.1892,0.413,-0.369,18.1
17,7,-71.1486,-39.0541,0.228,0.202,6.1
17,8,-71.1486,-38.9189,-0.487,0.251,11.3
17,9,-71.1486,-38.7838,-0.076,-0.117,8.0
17,10,-71.1486,-38.6486,0.173,-0.184,16.6
17,11,-71.1486,-38.5135,-0.386,0.378,18.2
17,12,-71.1486,-38.3784,-0.044,-0.399,19.4
17,13,-71.1486,-38.2432,-0.457,-0.385,10.1
17,14,-71.1486,-38.1081,-0.398,-0.308,6.8
17,15,-71.1486,-37.973,0.016,-0.427,6.6
17,16,-71.1486,-37.8378,-0.327,-0.221,13.5
17,17,-71.1486,-37.7027,0.238,0.311,23.9
17,18,-71.1486,-37.5676,0.396,0.015,9.4
17,19,-71.1486,-37.4324,0.541,-0.188,10.1
17,20,-71.1486,-37.2973,-0.24,0.334,7.0
17,21,-71.1486,-37.1622,-0.282,-0.552,17.1
17,22,-71.1486,-37.027,-0.364,-0.39,18.6
17,23,-71.1486,-36.8919,0.327,-0.034,17.9
17,24,-71.1486,-36.7568,0.418,0.016,22.2
17,25,-71.1486,-36.6216,-0.459,-0.56,14.7
17,26,-71.1486,-36.4865,0.717,-0.197,7.7
17,27,-71.1486,-36.3514,-0.432,0.049,10.8
17,28,-71.1486,-36.2162,0.204,0.098,18.2
17,29,-71.1486,-36.0811,0.422,0.038,17.3
17,30,-71.1486,-35.9459,0.632,-0.279,15.6
17,31,-71.1486,-35.8108,0.428,-0.506,18.7
17,32,-71.1486,-35.6757,0.542,-0.173,17.7
17,33,-71.1486,-35.5405,-0.059,-0.471,22.6
17,34,-71.1486,-35.4054,0.559,0.348,16.7
17,35,-71.1486,-35.2703,-0.396,-0.125,20.6
17,36,-71.1486,-35.1351,0.663,-0.283,10.0
17,37,-71.1486,-35.0,0.212,0.166,18.6
17,38,-71.1486,-34.8649,0.562,-0.102,23.0
17,39,-71.1486,-34.7297,0.088,-0.29,12.7
17,40,-71.1486,-34.5946,0.337,0.212,20.6
17,41,-71.1486,-34.4595,0.184,0.267,19.5
17,42,-71.1486,-34.3243,0.451,0.073,6.2
17,43,-71.1486,-34.1892,-0.394,-0.553,16.6
17,44,-71.1486,-34.0541,-0.422,-0.034,7.6
17,45,-71.1486,-33.9189,-0.179,0.163,24.3
17,46,-71.1486,-33.7838,-0.293,-0.463,21.2
17,47,-71.1486,-33.6486,0.633,-0.371,7.2
17,48,-71.1486,-33.5135,-0.215,0.282,7.4
17,49,-71.1486,-33.3784,0.769,-0.58,16.9
17,50,-71.1486,-33.2432,-0.062,0.153,11.9
17,51,-71.1486,-33.1081,-0.263,-0.126,5.7
17,52,-71.1486,-32.973,0.527,-0.153,15.8
17,53,-71.1486,-32.8378,0.356,-0.593,12.8
17,54,-71.1486,-32.7027,0.148,0.219,7.0
17,55,-71.1486,-32.5676,0.222,-0.24,21.0
17,56,-71.1486,-32.4324,0.435,-0.059,23.3
17,57,-71.1486,-32.2973,-0.203,0.077,20.1
17,58,-71.1486,-32.1622,0.795,0.103,21.4
17,59,-71.1486,-32.027,0.767,0.356,9.3
17,60,-71.1486,-31.8919,0.345,-0.069,10.3
17,61,-71.1486,-31.7568,-0.241,-0.2,9.2
17,62,-71.1486,-31.6216,0.384,0.354,20.3
17,63,-71.1486,-31.4865,-0.406,0.042,24.0
17,64,-71.1486,-31.3514,-0.46,-0.302,19.3
17,65,-71.1486,-31.2162,-0.165,-0.474,22.6
17,66,-71.1486,-31.0811,0.101,0.243,17.8
17,67,-71.1486,-30.9459,0.629,-0.238,12.8
17,68,-71.1486,-30.8108,0.445,0.06,13.5
17,69,-71.1486,-30.6757,0.466,-0.129,6.5
17,70,-71.1486,-30.5405,0.053,-0.401,5.6
17,71,-71.1486,-30.4054,-0.05,0.002,18.9
17,72,-71.1486,-30.2703,-0.018,-0.539,13.8
17,73,-71.1486,-30.1351,0.784,-0.187,16.0
17,74,-71.1486,-30.0,-0.448,-0.053,16.2
18,0,-71.2162,-40.0,0.627,-0.164,10.5
18,1,-71.2162,-39.8649,0.252,0.149,14.5
18,2,-71.2162,-39.7297,0.07,0.228,14.4
18,3,-71.2162,-39.5946,0.443,0.171,12.8
18,4,-71.2162,-39.4595,0.133,-0.561,21.4
18,5,-71.2162,-39.3243,0.635,-0.406,14.0
18,6,-71.2162,-39.1892,0.671,-0.063,17.1
18,7,-71.2162,-39.0541,0.048,0.335,22.9
18,8,-71.2162,-38.9189,-0.14,0.235,22.3
18,9,-71.2162,-38.7838,0.27,0.243,22.8
18,10,-71.2162,-38.6486,0.686,-0.297,10.4
18,11,-71.2162,-38.5135,-0.226,-0.171,5.7
18,12,-71.2162,-38.3784,0.31,-0.129,10.2
18,13,-71.2162,-38.2432,0.321,-0.443,10.6
18,14,-71.2162,-38.1081,0.453,-0.569,23.2
18,15,-71.2162,-37.973,-0.329,0.347,18.0
18,16,-71.2162,-37.8378,0.431,-0.359,6.6
18,17,-71.2162,-37.7027,0.682,-0.36,7.7
18,18,-71.2162,-37.5676,-0.266,-0.517,8.1
18,19,-71.2162,-37.4324,-0.191,0.329,17.6
18,20,-71.2162,-37.2973,0.763,-0.02,19.7
18,21,-71.2162,-37.1622,-0.265,0.067,22.2
18,22,-71.2162,-37.027,0.611,0.312,23.8
18,23,-71.2162,-36.8919,0.14,-0.254,9.0
18,24,-71.2162,-36.7568,-0.179,0.022,11.2
18,25,-71.2162,-36.6216,0.632,-0.561,9.8
18,26,-71.2162,-36.4865,0.079,-0.413,12.2
18,27,-71.2162,-36.3514,0.169,0.231,23.3
18,28,-71.2162,-36.2162,-0.033,0.167,16.5
18,29,-71.2162,-36.0811,0.271,-0.249,19.8
18,30,-71.2162,-35.9459,-0.287,-0.223,14.8
18,31,-71.2162,-35.8108,0.008,-0.066,5.6
18,32,-71.2162,-35.6757,0.76,-0.6,6.3
18,33,-71.2162,-35.5405,-0.164,-0.359,15.8
18,34,-71.2162,-35.4054,0.354,-0.392,19.4
18,35,-71.2162,-35.2703,-0.077,-0.35,9.3
18,36,-71.2162,-35.1351,0.506,0.206,19.4
18,37,-71.2162,-35.0,-0.33,-0.32,21.2
18,38,-71.2162,-34.8649,0.761,-0.408,13.2
18,39,-71.2162,-34.7297,0.09,-0.096,19.9
18,40,-71.2162,-34.5946,-0.193,0.266,13.1
18,41,-71.2162,-34.4595,-0.404,-0.359,18.6
18,42,-71.2162,-34.3243,-0.279,-0.521,20.3
18,43,-71.2162,-34.1892,0.176,-0.244,24.8
18,44,-71.2162,-34.0541,-0.062,0.148,11.9
18,45,-71.2162,-33.9189,0.578,-0.049,13.2
18,46,-71.2162,-33.7838,0.06,0.217,8.3
18,47,-71.2162,-33.6486,-0.177,0.36,9.1
18,48,-71.2162,-33.5135,0.302,0.193,18.9
18,49,-71.2162,-33.3784,0.419,0.004,23.3
18,50,-71.2162,-33.2432,-0.283,-0.107,12.9
18,51,-71.2162,-33.1081,-0.282,-0.56,8.6
18,52,-71.2162,-32.973,-0.452,0.384,10.7
18,53,-71.2162,-32.8378,0.457,-0.217,14.1
18,54,-71.2162,-32.7027,0.363,-0.448,10.8
18,55,-71.2162,-32.5676,0.117,0.067,9.7
18,56,-71.2162,-32.4324,0.597,-0.316,19.7
18,57,-71.2162,-32.2973,0.547,-0.014,5.2
18,58,-71.2162,-32.1622,0.261,-0.013,15.8
18,59,-71.2162,-32.027,0.629,-0.154,20.9
18,60,-71.2162,-31.8919,-0.232,0.236,10.3
18,61,-71.2162,-31.7568,-0.355,-0.335,17.1
18,62,-71.2162,-31.6216,-0.149,-0.151,18.4
18,63,-71.2162,-31.4865,-0.426,-0.062,18.1
18,64,-71.2162,-31.3514,0.191,0.064,13.9
18,65,-71.2162,-31.2162,0.718,0.184,11.9
18,66,-71.2162,-31.0811,-0.449,-0.205,21.7
18,67,-71.2162,-30.9459,-0.341,0.046,20.2
18,68,-71.2162,-30.8108,0.088,-0.449,11.4
18,69,-71.2162,-30.6757,0.714,0.333,7.1
18,70,-71.2162,-30.5405,-0.089,-0.217,6.4
18,71,-71.2162,-30.4054,0.159,0.13,6.9
18,72,-71.2162,-30.2703,-0.446,-0.58,16.7
18,73,-71.2162,-30.1351,-0.307,-0.395,6.0
18,74,-71.2162,-30.0,0.783,-0.113,11.7
19,0,-71.2838,-40.0,0.755,0.278,20.1
19,1,-71.2838,-39.8649,-0.494,-0.073,10.9
19,2,-71.2838,-39.7297,0.737,0.33,20.3
19,3,-71.2838,-39.5946,0.331,-0.116,19.9
19,4,-71.2838,-39.4595,0.628,-0.11,9.9
19,5,-71.2838,-39.3243,0.091,-0.48,19.6
19,6,-71.2838,-39.1892,0.17,0.203,20.0
19,7,-71.2838,-39.0541,0.136,-0.353,12.9
19,8,-71.2838,-38.9189,0.367,0.3,9.2
19,9,-71.2838,-38.7838,-0.318,0.311,15.4
19,10,-71.2838,-38.6486,-0.461,0.343,23.4
19,11,-71.2838,-38.5135,-0.1,-0.08,17.8
19,12,-71.2838,-38.3784,0.416,0.077,8.5
19,13,-71.2838,-38.2432,-0.238,0.179,18.7
19,14,-71.2838,-38.1081,0.375,-0.469,13.5
19,15,-71.2838,-37.973,0.761,0.001,16.8
19,16,-71.2838,-37.8378,-0.378,-0.566,19.7
19,17,-71.2838,-37.7027,0.374,-0.102,15.3
19,18,-71.2838,-37.5676,0.077,-0.445,21.3
19,19,-71.2838,-37.4324,0.629,-0.417,19.4
19,20,-71.2838,-37.2973,-0.27,-0.235,17.3
19,21,-71.2838,-37.1622,0.4,-0.168,8.0
19,22,-71.2838,-37.027,0.59,0.023,21.7
19,23,-71.2838,-36.8919,0.728,-0.526,23.7
19,24,-71.2838,-36.7568,0.388,-0.096,7.7
19,25,-71.2838,-36.6216,0.146,-0.417,14.8
19,26,-71.2838,-36.4865,0.303,-0.026,10.2
19,27,-71.2838,-36.3514,0.63,0.037,20.1
19,28,-71.2838,-36.2162,0.242,-0.043,19.4
19,29,-71.2838,-36.0811,-0.46,0.138,7.8
19,30,-71.2838,-35.9459,0.71,-0.264,22.5
19,31,-71.2838,-35.8108,0.396,0.165,8.6
19,32,-71.2838,-35.6757,0.379,-0.167,20.9
19,33,-71.2838,-35.5405,-0.22,-0.116,14.1
19,34,-71.2838,-35.4054,0.357,0.048,11.6
19,35,-71.2838,-35.2703,0.012,-0.582,8.2
19,36,-71.2838,-35.1351,0.347,0.054,8.4
19,37,-71.2838,-35.0,-0.361,0.019,18.2
19,38,-71.2838,-34.8649,0.355,-0.29,16.0
19,39,-71.2838,-34.7297,0.799,-0.514,7.4
19,40,-71.2838,-34.5946,-0.437,-0.509,7.3
19,41,-71.2838,-34.4595,0.77,0.323,6.4
19,42,-71.2838,-34.3243,0.029,0.089,19.9
19,43,-71.2838,-34.1892,0.632,-0.473,19.2
19,44,-71.2838,-34.0541,0.517,-0.243,6.2
19,45,-71.2838,-33.9189,0.237,-0.008,16.2
19,46,-71.2838,-33.7838,0.46,0.236,6.7
19,47,-71.2838,-33.6486,0.642,-0.556,23.1
19,48,-71.2838,-33.5135,0.025,-0.363,23.1
19,49,-71.2838,-33.3784,-0.075,0.29,19.0
19,50,-71.2838,-33.2432,0.368,-0.591,23.5
19,51,-71.2838,-33.1081,0.55,-0.399,21.2
19,52,-71.2838,-32.973,0.491,0.359,21.6
19,53,-71.2838,-32.8378,0.537,0.013,16.4
19,54,-71.2838,-32.7027,0.066,-0.338,11.1
19,55,-71.2838,-32.5676,0.563,-0.533,9.4
19,56,-71.2838,-32.4324,-0.344,-0.572,11.5
19,57,-71.2838,-32.2973,0.208,-0.355,17.6
19,58,-71.2838,-32.1622,-0.493,0.281,8.5
19,59,-71.2838,-32.027,-0.078,-0.184,10.2
19,60,-71.2838,-31.8919,-0.024,0.12,14.4
19,61,-71.2838,-31.7568,0.015,0.318,9.7
19,62,-71.2838,-31.6216,0.404,-0.192,16.8
19,63,-71.2838,-31.4865,0.005,-0.409,23.5
19,64,-71.2838,-31.3514,0.083,-0.083,20.0
19,65,-71.2838,-31.2162,-0.191,0.308,18.3
19,66,-71.2838,-31.0811,-0.015,0.204,16.7
19,67,-71.2838,-30.9459,-0.205,-0.534,14.8
19,68,-71.2838,-30.8108,-0.405,0.093,8.7
19,69,-71.2838,-30.6757,0.284,-0.028,22.9
19,70,-71.2838,-30.5405,0.369,0.307,10.0
19,71,-71.2838,-30.4054,0.305,-0.478,6.8
19,72,-71.2838,-30.2703,0.103,-0.066,20.0
19,73,-71.2838,-30.1351,-0.006,0.279,8.5
19,74,-71.2838,-30.0,0.622,-0.19,12.4
20,0,-71.3514,-40.0,0.175,-0.118,5.6
20,1,-71.3514,-39.8649,0.123,-0.53,7.7
20,2,-71.3514,-39.7297,-0.467,-0.322,8.5
20,3,-71.3514,-39.5946,-0.056,-0.275,6.1
20,4,-71.3514,-39.4595,-0.006,0.345,18.1
20,5,-71.3514,-39.3243,0.018,-0.317,21.7
20,6,-71.3514,-39.1892,0.254,-0.139,12.5
20,7,-71.3514,-39.0541,0.194,0.071,22.5
20,8,-71.3514,-38.9189,0.29,-0.438,9.3
20,9,-71.3514,-38.7838,0.494,-0.114,11.5
20,10,-71.3514,-38.6486,0.557,0.139,8.0
20,11,-71.3514,-38.5135,0.434,0.267,17.4
20,12,-71.3514,-38.3784,0.742,0.026,13.4
20,13,-71.3514,-38.2432,-0.476,0.069,17.3
20,14,-71.3514,-38.1081,-0.245,-0.474,20.2
20,15,-71.3514,-37.973,-0.49,0.346,15.9
20,16,-71.3514,-37.8378,0.342,-0.467,17.6
20,17,-71.3514,-37.7027,0.667,0.175,23.7
20,18,-71.3514,-37.5676,-0.183,-0.335,11.0
20,19,-71.3514,-37.4324,0.705,0.334,12.2
20,20,-71.3514,-37.2973,-0.422,0.12,19.4
20,21,-71.3514,-37.1622,0.715,0.154,17.2
20,22,-71.3514,-37.027,-0.043,-0.381,8.6
20,23,-71.3514,-36.8919,-0.368,-0.157,12.5
20,24,-71.3514,-36.7568,0.132,0.018,14.4
20,25,-71.3514,-36.6216,-0.166,0.17,13.4
20,26,-71.3514,-36.4865,-0.13,-0.496,8.6
20,27,-71.3514,-36.3514,-0.101,0.362,23.5
20,28,-71.3514,-36.2162,0.544,0.29,20.2
20,29,-71.3514,-36.0811,0.201,-0.33,14.6
20,30,-71.3514,-35.9459,-0.095,0.223,18.6
20,31,-71.3514,-35.8108,0.293,-0.082,22.9
20,32,-71.3514,-35.6757,0.431,-0.138,7.7
20,33,-71.3514,-35.5405,-0.146,-0.286,10.0
20,34,-71.3514,-35.4054,0.038,-0.019,15.9
20,35,-71.3514,-35.2703,-0.342,0.13,21.0
20,36,-71.3514,-35.1351,-0.265,-0.189,5.7
20,37,-71.3514,-35.0,0.385,0.029,24.7
20,38,-71.3514,-34.8649,-0.264,0.099,14.1
20,39,-71.3514,-34.7297,0.183,0.111,12.2
20,40,-71.3514,-34.5946,0.422,-0.548,10.9
20,41,-71.3514,-34.4595,-0.361,0.26,8.5
20,42,-71.3514,-34.3243,0.238,-0.142,20.8
20,43,-71.3514,-34.1892,-0.166,-0.338,24.1
20,44,-71.3514,-34.0541,0.752,-0.358,13.3
20,45,-71.3514,-33.9189,0.129,-0.117,24.0
20,46,-71.3514,-33.7838,0.548,0.287,21.5
20,47,-71.3514,-33.6486,0.215,-0.222,14.6
20,48,-71.3514,-33.5135,-0.444,0.15,18.5
20,49,-71.3514,-33.3784,0.323,-0.503,13.7
20,50,-71.3514,-33.2432,0.737,-0.124,16.2
20,51,-71.3514,-33.1081,0.282,0.392,6.2
20,52,-71.3514,-32.973,0.565,0.17,18.9
20,53,-71.3514,-32.8378,0.649,-0.389,6.1
20,54,-71.3514,-32.7027,-0.203,-0.099,21.3
20,55,-71.3514,-32.5676,-0.224,-0.366,21.5
20,56,-71.3514,-32.4324,0.294,-0.19,9.7
20,57,-71.3514,-32.2973,0.034,0.18,11.5
20,58,-71.3514,-32.1622,0.592,0.171,14.6
20,59,-71.3514,-32.027,0.67,-0.372,16.9
20,60,-71.3514,-31.8919,-0.041,0.322,10.7
20,61,-71.3514,-31.7568,-0.192,-0.007,16.8
20,62,-71.3514,-31.6216,0.515,-0.22,11.0
20,63,-71.3514,-31.4865,-0.143,-0.098,6.1
20,64,-71.3514,-31.3514,0.569,0.005,5.1
20,65,-71.3514,-31.2162,0.051,-0.04,7.0
20,66,-71.3514,-31.0811,0.368,-0.114,20.8
20,67,-71.3514,-30.9459,-0.376,-0.095,24.2
20,68,-71.3514,-30.8108,0.311,-0.424,13.5
20,69,-71.3514,-30.6757,0.087,0.213,15.3
20,70,-71.3514,-30.5405,0.263,-0.058,7.9
20,71,-71.3514,-30.4054,-0.282,-0.469,16.0
20,72,-71.3514,-30.2703,0.458,0.166,7.9
20,73,-71.3514,-30.1351,0.622,0.332,17.2
20,74,-71.3514,-30.0,-0.218,0.347,23.7
21,0,-71.4189,-40.0,-0.376,-0.231,8.9
21,1,-71.4189,-39.8649,-0.469,-0.464,20.3
21,2,-71.4189,-39.7297,0.335,-0.082,5.5
21,3,-71.4189,-39.5946,0.289,-0.487,12.5
21,4,-71.4189,-39.4595,0.211,0.334,7.2
21,5,-71.4189,-39.3243,-0.198,-0.416,12.0
21,6,-71.4189,-39.1892,0.008,-0.347,8.5
21,7,-71.4189,-39.0541,0.273,-0.193,12.5
21,8,-71.4189,-38.9189,0.146,-0.217,13.4
21,9,-71.4189,-38.7838,0.784,0.195,11.0
21,10,-71.4189,-38.6486,-0.323,-0.144,18.1
21,11,-71.4189,-38.5135,0.404,-0.429,23.4
21,12,-71.4189,-38.3784,0.026,-0.333,13.0
21,13,-71.4189,-38.2432,0.057,-0.091,8.8
21,14,-71.4189,-38.1081,0.433,-0.453,10.4
21,15,-71.4189,-37.973,0.4,0.012,22.1
21,16,-71.4189,-37.8378,0.789,-0.034,16.4
21,17,-71.4189,-37.7027,-0.333,0.115,14.1
21,18,-71.4189,-37.5676,-0.365,0.338,8.0
21,19,-71.4189,-37.4324,0.442,0.312,14.0
21,20,-71.4189,-37.2973,0.252,0.346,10.6
21,21,-71.4189,-37.1622,-0.144,-0.355,23.9
21,22,-71.4189,-37.027,-0.397,-0.468,22.7
21,23,-71.4189,-36.8919,-0.389,-0.298,6.7
21,24,-71.4189,-36.7568,0.662,0.295,15.3
21,25,-71.4189,-36.6216,-0.251,0.372,9.5
21,26,-71.4189,-36.4865,-0.08,0.259,13.2
21,27,-71.4189,-36.3514,-0.205,-0.49,22.5
21,28,-71.4189,-36.2162,-0.039,0.347,15.6
21,29,-71.4189,-36.0811,-0.41,-0.177,11.7
21,30,-71.4189,-35.9459,0.175,-0.591,9.2
21,31,-71.4189,-35.8108,-0.412,-0.158,21.0
21,32,-71.4189,-35.6757,0.54,-0.554,17.5
21,33,-71.4189,-35.5405,-0.196,-0.056,14.4
21,34,-71.4189,-35.4054,0.202,-0.261,9.3
21,35,-71.4189,-35.2703,0.644,-0.127,11.7
21,36,-71.4189,-35.1351,0.346,0.013,24.2
21,37,-71.4189,-35.0,0.193,0.269,15.4
21,38,-71.4189,-34.8649,-0.078,0.062,13.0
21,39,-71.4189,-34.7297,-0.067,-0.166,15.4
21,40,-71.4189,-34.5946,0.37,0.219,20.6
21,41,-71.4189,-34.4595,0.792,0.306,11.8
21,42,-71.4189,-34.3243,0.36,-0.48,8.6
21,43,-71.4189,-34.1892,0.225,-0.068,16.7
21,44,-71.4189,-34.0541,0.45,-0.315,18.3
21,45,-71.4189,-33.9189,0.105,-0.553,19.3
21,46,-71.4189,-33.7838,-0.422,0.069,22.6
21,47,-71.4189,-33.6486,0.231,0.263,12.4
21,48,-71.4189,-33.5135,0.745,-0.437,6.5
21,49,-71.4189,-33.3784,-0.272,0.212,24.2
21,50,-71.4189,-33.2432,0.397,0.253,13.7
21,51,-71.4189,-33.1081,-0.239,0.314,17.5
21,52,-71.4189,-32.973,0.197,-0.335,18.3
21,53,-71.4189,-32.8378,-0.374,0.304,15.9
21,54,-71.4189,-32.7027,0.085,-0.279,9.1
21,55,-71.4189,-32.5676,0.483,-0.048,20.1
21,56,-71.4189,-32.4324,-0.048,-0.549,21.1
21,57,-71.4189,-32.2973,0.364,-0.556,16.1
21,58,-71.4189,-32.1622,0.534,0.12,14.8
21,59,-71.4189,-32.027,0.705,-0.156,7.3
21,60,-71.4189,-31.8919,-0.195,-0.344,6.7
21,61,-71.4189,-31.7568,0.019,-0.41,11.8
21,62,-71.4189,-31.6216,-0.302,0.07,11.2
21,63,-71.4189,-31.4865,0.79,-0.6,24.1
21,64,-71.4189,-31.3514,0.705,0.206,20.7
21,65,-71.4189,-31.2162,0.202,-0.521,18.2
21,66,-71.4189,-31.0811,0.595,-0.409,15.4
21,67,-71.4189,-30.9459,0.177,-0.214,8.3
21,68,-71.4189,-30.8108,0.311,-0.115,24.6
21,69,-71.4189,-30.6757,-0.384,-0.245,12.5
21,70,-71.4189,-30.5405,0.482,-0.279,7.1
21,71,-71.4189,-30.4054,-0.334,0.364,14.9
21,72,-71.4189,-30.2703,0.574,0.042,22.5
21,73,-71.4189,-30.1351,0.517,-0.577,22.7
21,74,-71.4189,-30.0,0.421,-0.17,5.2
22,0,-71.4865,-40.0,-0.453,0.275,22.7
22,1,-71.4865,-39.8649,-0.106,-0.299,10.4
22,2,-71.4865,-39.7297,-0.158,-0.505,5.8
22,3,-71.4865,-39.5946,-0.032,0.158,22.0
22,4,-71.4865,-39.4595,-0.386,0.006,22.3
22,5,-71.4865,-39.3243,0.718,-0.03,16.9
22,6,-71.4865,-39.1892,0.22,-0.546,16.5
22,7,-71.4865,-39.0541,-0.103,-0.46,21.3
22,8,-71.4865,-38.9189,0.016,0.023,20.7
22,9,-71.4865,-38.7838,0.081,-0.392,22.8
22,10,-71.4865,-38.6486,0.281,-0.096,16.1
22,11,-71.4865,-38.5135,0.17,-0.055,24.4
22,12,-71.4865,-38.3784,0.695,-0.316,24.9
22,13,-71.4865,-38.2432,0.146,0.348,7.3
22,14,-71.4865,-38.1081,0.79,0.242,22.0
22,15,-71.4865,-37.973,0.607,0.122,15.0
22,16,-71.4865,-37.8378,-0.229,-0.522,12.8
22,17,-71.4865,-37.7027,0.71,-0.494,17.3
22,18,-71.4865,-37.5676,-0.349,-0.107,6.1
22,19,-71.4865,-37.4324,0.563,-0.439,15.1
22,20,-71.4865,-37.2973,-0.005,0.378,22.4
22,21,-71.4865,-37.1622,0.641,-0.441,9.3
22,22,-71.4865,-37.027,0.628,-0.113,13.5
22,23,-71.4865,-36.8919,0.548,-0.236,23.8
22,24,-71.4865,-36.7568,0.527,0.039,13.6
22,25,-71.4865,-36.6216,-0.104,-0.471,12.2
22,26,-71.4865,-36.4865,-0.395,-0.17,13.8
22,27,-71.4865,-36.3514,0.024,-0.325,15.4
22,28,-71.4865,-36.2162,-0.274,0.288,17.6
22,29,-71.4865,-36.0811,0.403,-0.559,21.0
22,30,-71.4865,-35.9459,-0.05,0.314,14.0
22,31,-71.4865,-35.8108,0.768,0.233,21.3
22,32,-71.4865,-35.6757,0.333,-0.302,15.7
22,33,-71.4865,-35.5405,0.569,0.189,11.8
22,34,-71.4865,-35.4054,-0.328,-0.569,18.2
22,35,-71.4865,-35.2703,0.621,0.367,19.4
22,36,-71.4865,-35.1351,0.7,-0.073,16.2
22,37,-71.4865,-35.0,0.133,-0.297,6.1
22,38,-71.4865,-34.8649,0.288,-0.237,8.4
22,39,-71.4865,-34.7297,0.494,-0.534,10.7
22,40,-71.4865,-34.5946,-0.273,0.389,10.7
22,41,-71.4865,-34.4595,0.153,-0.561,18.5
22,42,-71.4865,-34.3243,0.018,0.055,5.4
22,43,-71.4865,-34.1892,-0.31,-0.157,20.1
22,44,-71.4865,-34.0541,-0.022,0.349,10.3
22,45,-71.4865,-33.9189,-0.411,-0.354,11.2
22,46,-71.4865,-33.7838,-0.466,-0.068,15.6
22,47,-71.4865,-33.6486,-0.324,-0.118,9.3
22,48,-71.4865,-33.5135,0.752,0.103,22.7
22,49,-71.4865,-33.3784,0.214,-0.532,6.7
22,50,-71.4865,-33.2432,0.756,-0.406,13.9
22,51,-71.4865,-33.1081,0.062,-0.385,22.0
22,52,-71.4865,-32.973,-0.095,0.138,17.3
22,53,-71.4865,-32.8378,0.158,-0.411,10.8
22,54,-71.4865,-32.7027,0.071,-0.027,13.4
22,55,-71.4865,-32.5676,-0.363,-0.385,19.1
22,56,-71.4865,-32.4324,0.333,0.262,24.5
22,57,-71.4865,-32.2973,-0.219,0.342,22.9
22,58,-71.4865,-32.1622,0.305,-0.082,11.8
22,59,-71.4865,-32.027,0.345,-0.248,25.0
22,60,-71.4865,-31.8919,-0.302,-0.366,5.1
22,61,-71.4865,-31.7568,-0.42,-0.55,5.6
22,62,-71.4865,-31.6216,0.515,-0.331,21.5
22,63,-71.4865,-31.4865,0.098,0.054,9.0
22,64,-71.4865,-31.3514,-0.424,-0.066,6.2
22,65,-71.4865,-31.2162,0.793,0.344,9.7
22,66,-71.4865,-31.0811,-0.425,-0.204,13.5
22,67,-71.4865,-30.9459,0.404,0.094,19.6
22,68,-71.4865,-30.8108,0.779,-0.111,17.5
22,69,-71.4865,-30.6757,-0.189,-0.087,9.8
22,70,-71.4865,-30.5405,-0.315,-0.332,15.1
22,71,-71.4865,-30.4054,-0.342,-0.145,23.5
22,72,-71.4865,-30.2703,-0.106,-0.129,21.3
22,73,-71.4865,-30.1351,-0.369,0.107,11.5
22,74,-71.4865,-30.0,0.4,0.341,24.6
23,0,-71.5541,-40.0,-0.419,-0.271,19.2
23,1,-71.5541,-39.8649,0.162,-0.558,6.2
23,2,-71.5541,-39.7297,0.796,-0.104,5.7
23,3,-71.5541,-39.5946,0.558,-0.056,8.4
23,4,-71.5541,-39.4595,0.3,-0.432,19.6
23,5,-71.5541,-39.3243,-0.102,0.16,8.7
23,6,-71.5541,-39.1892,0.311,0.385,15.2
23,7,-71.5541,-39.0541,0.185,0.346,6.9
23,8,-71.5541,-38.9189,0.054,-0.403,23.4
23,9,-71.5541,-38.7838,-0.33,0.275,11.9
23,10,-71.5541,-38.6486,0.653,0.104,23.2
23,11,-71.5541,-38.5135,0.085,-0.146,23.9
23,12,-71.5541,-38.3784,-0.247,-0.059,5.1
23,13,-71.5541,-38.2432,-0.022,0.25,14.3
23,14,-71.5541,-38.1081,0.038,-0.12,5.5
23,15,-71.5541,-37.973,0.576,-0.227,23.2
23,16,-71.5541,-37.8378,0.454,-0.107,15.4
23,17,-71.5541,-37.7027,0.5,-0.021,6.5
23,18,-71.5541,-37.5676,-0.486,-0.411,7.2
23,19,-71.5541,-37.4324,0.041,0.301,12.7
23,20,-71.5541,-37.2973,0.126,0.074,23.8
23,21,-71.5541,-37.1622,-0.475,0.033,18.9
23,22,-71.5541,-37.027,-0.162,-0.501,22.4
23,23,-71.5541,-36.8919,0.488,0.004,12.3
23,24,-71.5541,-36.7568,-0.322,-0.479,5.9
23,25,-71.5541,-36.6216,0.196,-0.521,24.5
23,26,-71.5541,-36.4865,-0.22,-0.073,5.3
23,27,-71.5541,-36.3514,-0.484,-0.197,24.0
23,28,-71.5541,-36.2162,-0.186,-0.011,12.4
23,29,-71.5541,-36.0811,0.769,-0.511,5.2
23,30,-71.5541,-35.9459,0.542,-0.169,18.8
23,31,-71.5541,-35.8108,0.747,-0.425,24.6
23,32,-71.5541,-35.6757,0.134,0.387,24.3
23,33,-71.5541,-35.5405,-0.357,-0.039,8.2
23,34,-71.5541,-35.4054,0.212,0.087,8.6
23,35,-71.5541,-35.2703,0.091,-0.275,16.3
23,36,-71.5541,-35.1351,0.598,-0.505,17.7
23,37,-71.5541,-35.0,-0.372,0.376,19.8
23,38,-71.5541,-34.8649,0.135,-0.314,8.6
23,39,-71.5541,-34.7297,-0.305,-0.176,24.2
23,40,-71.5541,-34.5946,-0.078,0.05,17.8
23,41,-71.5541,-34.4595,0.459,-0.575,21.9
23,42,-71.5541,-34.3243,0.119,0.21,15.8
23,43,-71.5541,-34.1892,-0.011,-0.063,13.3
23,44,-71.5541,-34.0541,0.013,-0.322,24.5
23,45,-71.5541,-33.9189,0.097,-0.538,16.6
23,46,-71.5541,-33.7838,0.521,-0.438,22.3
23,47,-71.5541,-33.6486,0.66,0.295,24.1
23,48,-71.5541,-33.5135,0.742,0.086,18.5
23,49,-71.5541,-33.3784,0.523,-0.35,16.0
23,50,-71.5541,-33.2432,-0.09,-0.534,5.1
23,51,-71.5541,-33.1081,0.395,0.091,5.8
23,52,-71.5541,-32.973,0.069,-0.028,9.0
23,53,-71.5541,-32.8378,-0.169,-0.195,8.7
23,54,-71.5541,-32.7027,0.593,-0.236,10.1
23,55,-71.5541,-32.5676,-0.45,-0.383,11.1
23,56,-71.5541,-32.4324,0.672,0.07,12.2
23,57,-71.5541,-32.2973,0.1,0.371,13.4
23,58,-71.5541,-32.1622,0.328,-0.424,7.0
23,59,-71.5541,-32.027,0.357,-0.003,5.8
23,60,-71.5541,-31.8919,0.664,-0.176,18.5
23,61,-71.5541,-31.7568,0.328,-0.153,15.7
23,62,-71.5541,-31.6216,0.298,-0.346,13.9
23,63,-71.5541,-31.4865,-0.413,0.225,17.7
23,64,-71.5541,-31.3514,0.174,-0.115,21.6
23,65,-71.5541,-31.2162,-0.305,-0.057,13.6
23,66,-71.5541,-31.0811,0.459,-0.295,17.8
23,67,-71.5541,-30.9459,0.166,-0.418,24.1
23,68,-71.5541,-30.8108,0.384,-0.514,21.8
23,69,-71.5541,-30.6757,-0.446,0.114,13.5
23,70,-71.5541,-30.5405,-0.39,-0.404,17.9
23,71,-71.5541,-30.4054,0.431,0.09,8.5
23,72,-71.5541,-30.2703,-0.406,-0.21,16.2
23,73,-71.5541,-30.1351,-0.407,-0.184,24.6
23,74,-71.5541,-30.0,-0.484,-0.131,15.4
24,0,-71.6216,-40.0,0.743,-0.232,23.6
24,1,-71.6216,-39.8649,0.459,-0.499,13.1
24,2,-71.6216,-39.7297,-0.041,-0.29,25.0
24,3,-71.6216,-39.5946,-0.115,0.064,16.6
24,4,-71.6216,-39.4595,-0.045,0.066,5.8
24,5,-71.6216,-39.3243,0.507,-0.314,16.7
24,6,-71.6216,-39.1892,0.36,-0.14,10.5
24,7,-71.6216,-39.0541,-0.259,-0.407,5.6
24,8,-71.6216,-38.9189,-0.274,-0.39,21.4
24,9,-71.6216,-38.7838,-0.372,-0.577,10.5
24,10,-71.6216,-38.6486,0.358,0.297,20.9
24,11,-71.6216,-38.5135,0.494,-0.389,10.8
24,12,-71.6216,-38.3784,-0.155,-0.372,8.9
24,13,-71.6216,-38.2432,-0.473,-0.32,24.5
24,14,-71.6216,-38.1081,-0.393,-0.473,12.2
24,15,-71.6216,-37.973,0.758,0.039,17.0
24,16,-71.6216,-37.8378,-0.116,-0.525,17.2
24,17,-71.6216,-37.7027,0.5,-0.466,16.2
24,18,-71.6216,-37.5676,0.312,0.045,23.3
24,19,-71.6216,-37.4324,-0.003,-0.26,18.5
24,20,-71.6216,-37.2973,-0.233,0.108,13.1
24,21,-71.6216,-37.1622,-0.342,-0.043,22.2
24,22,-71.6216,-37.027,0.3,-0.344,8.6
24,23,-71.6216,-36.8919,0.507,0.051,15.9
24,24,-71.6216,-36.7568,0.337,-0.484,24.0
24,25,-71.6216,-36.6216,0.189,-0.064,17.5
24,26,-71.6216,-36.4865,-0.445,-0.163,21.3
24,27,-71.6216,-36.3514,0.759,-0.332,18.1
24,28,-71.6216,-36.2162,0.538,0.004,21.8
24,29,-71.6216,-36.0811,-0.119,0.271,23.9
24,30,-71.6216,-35.9459,0.774,0.399,10.5
24,31,-71.6216,-35.8108,0.282,0.008,8.4
24,32,-71.6216,-35.6757,0.257,-0.195,14.7
24,33,-71.6216,-35.5405,0.472,-0.375,19.0
24,34,-71.6216,-35.4054,0.555,-0.343,9.5
24,35,-71.6216,-35.2703,0.353,-0.121,5.1
24,36,-71.6216,-35.1351,-0.333,-0.233,11.9
24,37,-71.6216,-35.0,-0.06,0.314,24.4
24,38,-71.6216,-34.8649,0.707,-0.232,18.9
24,39,-71.6216,-34.7297,-0.208,-0.227,13.0
24,40,-71.6216,-34.5946,-0.016,-0.216,8.9
24,41,-71.6216,-34.4595,0.062,0.237,12.1
24,42,-71.6216,-34.3243,0.071,0.051,8.4
24,43,-71.6216,-34.1892,0.297,0.014,7.1
24,44,-71.6216,-34.0541,0.726,-0.266,23.1
24,45,-71.6216,-33.9189,-0.187,0.218,25.0
24,46,-71.6216,-33.7838,-0.342,-0.562,8.3
24,47,-71.6216,-33.6486,-0.243,0.271,6.1
24,48,-71.6216,-33.5135,0.653,-0.087,11.6
24,49,-71.6216,-33.3784,0.34,-0.202,14.2
24,50,-71.6216,-33.2432,-0.128,-0.103,9.1
24,51,-71.6216,-33.1081,0.561,0.067,11.0
24,52,-71.6216,-32.973,0.62,-0.587,9.0
24,53,-71.6216,-32.8378,0.6,0.272,20.5
24,54,-71.6216,-32.7027,0.695,-0.153,19.3
24,55,-71.6216,-32.5676,-0.172,-0.257,17.7
24,56,-71.6216,-32.4324,0.482,-0.462,12.7
24,57,-71.6216,-32.2973,0.099,-0.161,23.2
24,58,-71.6216,-32.1622,0.595,-0.104,24.4
24,59,-71.6216,-32.027,0.447,-0.196,8.5
24,60,-71.6216,-31.8919,0.509,0.079,9.5
24,61,-71.6216,-31.7568,0.353,-0.179,15.5
24,62,-71.6216,-31.6216,-0.269,0.361,6.8
24,63,-71.6216,-31.4865,0.209,-0.001,13.7
24,64,-71.6216,-31.3514,0.78,0.207,16.6
24,65,-71.6216,-31.2162,0.719,-0.491,15.4
24,66,-71.6216,-31.0811,-0.444,-0.203,11.6
24,67,-71.6216,-30.9459,-0.286,-0.263,15.8
24,68,-71.6216,-30.8108,-0.329,-0.031,24.2
24,69,-71.6216,-30.6757,0.444,0.261,9.1
24,70,-71.6216,-30.5405,0.563,-0.522,18.1
24,71,-71.6216,-30.4054,-0.222,-0.527,5.9
24,72,-71.6216,-30.2703,0.158,0.25,6.3
24,73,-71.6216,-30.1351,0.593,-0.387,16.0
24,74,-71.6216,-30.0,0.453,0.069,7.1
25,0,-71.6892,-40.0,0.205,-0.057,5.4
25,1,-71.6892,-39.8649,0.267,0.233,8.4
25,2,-71.6892,-39.7297,0.161,-0.475,16.3
25,3,-71.6892,-39.5946,-0.113,-0.47,19.1
25,4,-71.6892,-39.4595,0.235,-0.043,9.0
25,5,-71.6892,-39.3243,0.396,0.346,18.4
25,6,-71.6892,-39.1892,0.635,-0.185,8.6
25,7,-71.6892,-39.0541,0.327,-0.273,17.3
25,8,-71.6892,-38.9189,0.489,0.007,13.2
25,9,-71.6892,-38.7838,-0.292,0.33,18.1
25,10,-71.6892,-38.6486,0.1,0.237,24.9
25,11,-71.6892,-38.5135,-0.488,0.395,23.8
25,12,-71.6892,-38.3784,-0.179,-0.577,5.1
25,13,-71.6892,-38.2432,0.444,-0.487,22.7
25,14,-71.6892,-38.1081,0.789,0.009,6.3
25,15,-71.6892,-37.973,-0.371,0.221,24.1
25,16,-71.6892,-37.8378,0.022,-0.315,10.6
25,17,-71.6892,-37.7027,0.54,-0.361,12.6
25,18,-71.6892,-37.5676,-0.235,0.187,6.8
25,19,-71.6892,-37.4324,0.222,-0.544,7.2
25,20,-71.6892,-37.2973,0.453,-0.231,19.5
25,21,-71.6892,-37.1622,0.301,-0.094,23.9
25,22,-71.6892,-37.027,-0.256,-0.04,17.2
25,23,-71.6892,-36.8919,-0.038,0.129,19.3
25,24,-71.6892,-36.7568,0.519,-0.245,20.2
25,25,-71.6892,-36.6216,0.22,0.013,10.3
25,26,-71.6892,-36.4865,-0.493,-0.015,5.9
25,27,-71.6892,-36.3514,0.489,-0.052,5.0
25,28,-71.6892,-36.2162,-0.454,0.04,12.0
25,29,-71.6892,-36.0811,0.469,-0.341,9.8
25,30,-71.6892,-35.9459,-0.237,-0.515,6.2
25,31,-71.6892,-35.8108,0.745,-0.481,8.6
25,32,-71.6892,-35.6757,-0.022,-0.375,7.5
25,33,-71.6892,-35.5405,-0.075,-0.1,23.3
25,34,-71.6892,-35.4054,-0.306,0.24,7.8
25,35,-71.6892,-35.2703,-0.103,0.101,15.8
25,36,-71.6892,-35.1351,0.64,0.189,16.9
25,37,-71.6892,-35.0,0.795,-0.249,15.9
25,38,-71.6892,-34.8649,-0.021,-0.195,7.0
25,39,-71.6892,-34.7297,0.083,-0.206,11.4
25,40,-71.6892,-34.5946,0.439,-0.408,6.0
25,41,-71.6892,-34.4595,0.652,-0.539,12.9
25,42,-71.6892,-34.3243,0.271,-0.009,8.8
25,43,-71.6892,-34.1892,0.009,0.389,16.2
25,44,-71.6892,-34.0541,0.036,-0.433,18.9
25,45,-71.6892,-33.9189,0.404,-0.553,15.6
25,46,-71.6892,-33.7838,-0.496,0.18,13.7
25,47,-71.6892,-33.6486,0.305,-0.347,12.7
25,48,-71.6892,-33.5135,-0.038,0.23,21.8
25,49,-71.6892,-33.3784,0.532,0.104,9.4
25,50,-71.6892,-33.2432,-0.379,0.346,19.7
25,51,-71.6892,-33.1081,0.265,-0.191,20.1
25,52,-71.6892,-32.973,0.125,0.062,13.4
25,53,-71.6892,-32.8378,0.335,-0.135,10.9
25,54,-71.6892,-32.7027,-0.416,0.031,14.4
25,55,-71.6892,-32.5676,0.254,-0.15,6.9
25,56,-71.6892,-32.4324,0.23,-0.411,5.9
25,57,-71.6892,-32.2973,0.229,-0.092,7.2
25,58,-71.6892,-32.1622,0.285,-0.071,8.7
25,59,-71.6892,-32.027,0.379,0.211,15.1
25,60,-71.6892,-31.8919,0.546,0.136,22.0
25,61,-71.6892,-31.7568,-0.149,0.064,9.7
25,62,-71.6892,-31.6216,0.573,-0.487,23.7
25,63,-71.6892,-31.4865,0.148,0.121,24.1
25,64,-71.6892,-31.3514,-0.4,-0.1,24.2
25,65,-71.6892,-31.2162,-0.424,0.294,21.8
25,66,-71.6892,-31.0811,-0.065,0.32,12.3
25,67,-71.6892,-30.9459,0.52,-0.545,6.5
25,68,-71.6892,-30.8108,0.42,0.221,16.4
25,69,-71.6892,-30.6757,0.525,-0.562,16.2
25,70,-71.6892,-30.5405,0.172,-0.233,22.0
25,71,-71.6892,-30.4054,0.072,-0.058,24.9
25,72,-71.6892,-30.2703,-0.308,-0.452,15.2
25,73,-71.6892,-30.1351,-0.073,0.146,11.9
25,74,-71.6892,-30.0,0.064,-0.592,8.7
26,0,-71.7568,-40.0,-0.385,-0.431,5.1
26,1,-71.7568,-39.8649,-0.213,-0.019,15.2
26,2,-71.7568,-39.7297,0.278,0.114,16.1
26,3,-71.7568,-39.5946,0.456,0.317,21.5
26,4,-71.7568,-39.4595,0.798,0.105,15.1
26,5,-71.7568,-39.3243,0.713,0.072,23.3
26,6,-71.7568,-39.1892,0.335,-0.206,17.6
26,7,-71.7568,-39.0541,0.048,-0.599,21.8
26,8,-71.7568,-38.9189,0.327,-0.48,8.0
26,9,-71.7568,-38.7838,0.521,-0.065,22.1
26,10,-71.7568,-38.6486,-0.346,0.075,18.5
26,11,-71.7568,-38.5135,0.033,-0.183,8.4
26,12,-71.7568,-38.3784,0.592,0.131,8.8
26,13,-71.7568,-38.2432,-0.001,-0.078,23.5
26,14,-71.7568,-38.1081,0.243,-0.526,5.6
26,15,-71.7568,-37.973,0.264,-0.408,14.3
26,16,-71.7568,-37.8378,-0.26,0.24,11.3
26,17,-71.7568,-37.7027,-0.029,0.125,18.3
26,18,-71.7568,-37.5676,-0.065,0.295,21.8
26,19,-71.7568,-37.4324,-0.466,-0.482,12.2
26,20,-71.7568,-37.2973,-0.469,0.39,13.5
26,21,-71.7568,-37.1622,0.581,-0.391,24.6
26,22,-71.7568,-37.027,-0.145,-0.588,20.7
26,23,-71.7568,-36.8919,0.174,0.397,22.9
26,24,-71.7568,-36.7568,-0.112,-0.319,13.8
26,25,-71.7568,-36.6216,0.723,0.068,9.7
26,26,-71.7568,-36.4865,-0.163,-0.423,13.2
26,27,-71.7568,-36.3514,0.059,-0.02,19.3
26,28,-71.7568,-36.2162,0.635,0.304,7.2
26,29,-71.7568,-36.0811,0.595,-0.28,10.4
26,30,-71.7568,-35.9459,-0.258,0.07,5.9
26,31,-71.7568,-35.8108,0.543,-0.412,13.6
26,32,-71.7568,-35.6757,0.096,0.025,21.5
26,33,-71.7568,-35.5405,0.128,-0.264,5.5
26,34,-71.7568,-35.4054,-0.326,-0.389,18.5
26,35,-71.7568,-35.2703,-0.395,-0.287,23.6
26,36,-71.7568,-35.1351,0.446,-0.421,9.7
26,37,-71.7568,-35.0,0.145,0.302,18.9
26,38,-71.7568,-34.8649,0.068,-0.203,24.5
26,39,-71.7568,-34.7297,0.448,-0.355,24.2
26,40,-71.7568,-34.5946,0.495,-0.152,9.7
26,41,-71.7568,-34.4595,-0.293,-0.279,7.0
26,42,-71.7568,-34.3243,0.293,0.144,8.0
26,43,-71.7568,-34.1892,-0.324,0.371,19.0
26,44,-71.7568,-34.0541,0.477,-0.162,19.5
26,45,-71.7568,-33.9189,0.354,0.261,18.5
26,46,-71.7568,-33.7838,0.744,-0.034,11.7
26,47,-71.7568,-33.6486,-0.41,-0.443,8.4
26,48,-71.7568,-33.5135,-0.426,0.091,16.6
26,49,-71.7568,-33.3784,-0.133,-0.087,14.7
26,50,-71.7568,-33.2432,-0.16,0.051,19.6
26,51,-71.7568,-33.1081,-0.179,0.29,13.8
26,52,-71.7568,-32.973,0.678,-0.16,11.8
26,53,-71.7568,-32.8378,-0.176,0.301,10.9
26,54,-71.7568,-32.7027,-0.146,0.151,9.2
26,55,-71.7568,-32.5676,0.487,-0.111,10.3
26,56,-71.7568,-32.4324,0.085,0.003,6.9
26,57,-71.7568,-32.2973,0.51,-0.274,11.9
26,58,-71.7568,-32.1622,-0.415,0.384,5.7
26,59,-71.7568,-32.027,0.134,0.067,8.7
26,60,-71.7568,-31.8919,-0.456,-0.556,19.9
26,61,-71.7568,-31.7568,-0.419,-0.273,11.5
26,62,-71.7568,-31.6216,0.678,0.023,18.4
26,63,-71.7568,-31.4865,-0.319,-0.544,19.3
26,64,-71.7568,-31.3514,0.192,-0.576,16.6
26,65,-71.7568,-31.2162,0.034,-0.15,24.2
26,66,-71.7568,-31.0811,-0.048,-0.267,5.4
26,67,-71.7568,-30.9459,0.67,-0.162,19.8
26,68,-71.7568,-30.8108,-0.472,-0.337,24.2
26,69,-71.7568,-30.6757,0.363,-0.435,22.2
26,70,-71.7568,-30.5405,0.752,0.089,8.4
26,71,-71.7568,-30.4054,0.228,-0.085,11.5
26,72,-71.7568,-30.2703,0.718,-0.4,8.4
26,73,-71.7568,-30.1351,-0.432,-0.28,17.0
26,74,-71.7568,-30.0,0.044,-0.008,19.2
27,0,-71.8243,-40.0,-0.162,-0.528,11.3
27,1,-71.8243,-39.8649,0.45,-0.453,15.8
27,2,-71.8243,-39.7297,0.776,-0.527,18.8
27,3,-71.8243,-39.5946,-0.167,0.212,13.4
27,4,-71.8243,-39.4595,0.35,0.152,22.1
27,5,-71.8243,-39.3243,-0.242,0.153,20.4
27,6,-71.8243,-39.1892,0.235,0.116,6.3
27,7,-71.8243,-39.0541,0.103,0.069,17.4
27,8,-71.8243,-38.9189,0.764,-0.123,9.7
27,9,-71.8243,-38.7838,0.291,0.042,16.2
27,10,-71.8243,-38.6486,-0.046,-0.562,24.1
27,11,-71.8243,-38.5135,-0.352,0.021,22.6
27,12,-71.8243,-38.3784,-0.303,0.178,13.1
27,13,-71.8243,-38.2432,-0.207,-0.1,10.8
27,14,-71.8243,-38.1081,-0.174,-0.242,9.7
27,15,-71.8243,-37.973,0.606,-0.323,15.7
27,16,-71.8243,-37.8378,0.23,0.043,7.3
27,17,-71.8243,-37.7027,0.18,0.093,16.0
27,18,-71.8243,-37.5676,-0.351,0.271,5.0
27,19,-71.8243,-37.4324,0.618,-0.258,11.5
27,20,-71.8243,-37.2973,0.44,0.17,9.4
27,21,-71.8243,-37.1622,-0.412,-0.039,24.4
27,22,-71.8243,-37.027,0.42,0.283,19.5
27,23,-71.8243,-36.8919,0.207,-0.072,12.0
27,24,-71.8243,-36.7568,-0.394,-0.082,6.9
27,25,-71.8243,-36.6216,0.096,-0.022,15.3
27,26,-71.8243,-36.4865,0.13,0.149,9.3
27,27,-71.8243,-36.3514,-0.284,0.365,15.7
27,28,-71.8243,-36.2162,0.729,-0.526,21.7
27,29,-71.8243,-36.0811,0.605,-0.547,17.3
27,30,-71.8243,-35.9459,0.37,0.338,17.7
27,31,-71.8243,-35.8108,0.101,-0.07,15.8
27,32,-71.8243,-35.6757,0.035,0.015,23.5
27,33,-71.8243,-35.5405,0.346,-0.118,23.6
27,34,-71.8243,-35.4054,0.209,-0.506,15.3
27,35,-71.8243,-35.2703,-0.419,0.168,11.1
27,36,-71.8243,-35.1351,0.166,0.147,14.2
27,37,-71.8243,-35.0,0.548,-0.288,8.7
27,38,-71.8243,-34.8649,0.097,-0.294,17.7
27,39,-71.8243,-34.7297,-0.432,0.238,15.0
27,40,-71.8243,-34.5946,0.522,-0.528,7.1
27,41,-71.8243,-34.4595,-0.238,0.281,9.0
27,42,-71.8243,-34.3243,-0.164,-0.343,14.6
27,43,-71.8243,-34.1892,-0.286,-0.007,22.8
27,44,-71.8243,-34.0541,-0.071,0.336,16.3
27,45,-71.8243,-33.9189,0.484,0.078,18.6
27,46,-71.8243,-33.7838,0.175,-0.186,11.8
27,47,-71.8243,-33.6486,-0.234,0.09,16.4
27,48,-71.8243,-33.5135,0.641,-0.256,13.9
27,49,-71.8243,-33.3784,0.643,-0.323,18.2
27,50,-71.8243,-33.2432,0.632,0.397,6.0
27,51,-71.8243,-33.1081,-0.19,0.151,14.9
27,52,-71.8243,-32.973,0.087,0.045,10.9
27,53,-71.8243,-32.8378,0.78,-0.245,11.5
27,54,-71.8243,-32.7027,0.504,-0.551,24.2
27,55,-71.8243,-32.5676,-0.465,-0.569,8.7
27,56,-71.8243,-32.4324,-0.415,-0.046,11.2
27,57,-71.8243,-32.2973,0.103,0.162,15.2
27,58,-71.8243,-32.1622,0.682,-0.063,22.3
27,59,-71.8243,-32.027,0.2,0.241,13.3
27,60,-71.8243,-31.8919,0.147,-0.567,19.9
27,61,-71.8243,-31.7568,-0.363,-0.233,22.1
27,62,-71.8243,-31.6216,0.354,-0.363,11.2
27,63,-71.8243,-31.4865,0.569,-0.153,12.9
27,64,-71.8243,-31.3514,-0.005,-0.528,12.1
27,65,-71.8243,-31.2162,0.508,0.354,21.7
27,66,-71.8243,-31.0811,0.754,-0.377,5.9
27,67,-71.8243,-30.9459,-0.235,0.322,11.2
27,68,-71.8243,-30.8108,0.18,-0.174,18.6
27,69,-71.8243,-30.6757,-0.127,0.386,16.3
27,70,-71.8243,-30.5405,0.531,-0.046,13.7
27,71,-71.8243,-30.4054,0.251,0.331,15.8
27,72,-71.8243,-30.2703,0.325,-0.595,9.0
27,73,-71.8243,-30.1351,0.537,0.148,13.6
27,74,-71.8243,-30.0,0.015,0.303,15.0
28,0,-71.8919,-40.0,0.69,-0.46,23.0
28,1,-71.8919,-39.8649,0.193,-0.504,10.2
28,2,-71.8919,-39.7297,-0.295,-0.175,22.4
28,3,-71.8919,-39.5946,0.405,0.334,17.9
28,4,-71.8919,-39.4595,0.531,-0.058,5.4
28,5,-71.8919,-39.3243,-0.088,-0.073,19.5
28,6,-71.8919,-39.1892,0.614,-0.459,5.7
28,7,-71.8919,-39.0541,0.678,-0.599,24.9
28,8,-71.8919,-38.9189,-0.14,0.21,22.5
28,9,-71.8919,-38.7838,0.779,-0.512,10.9
28,10,-71.8919,-38.6486,-0.317,0.034,10.1
28,11,-71.8919,-38.5135,-0.237,0.315,12.6
28,12,-71.8919,-38.3784,-0.261,-0.391,12.1
28,13,-71.8919,-38.2432,0.662,0.065,12.4
28,14,-71.8919,-38.1081,0.351,-0.521,11.4
28,15,-71.8919,-37.973,-0.302,0.004,17.4
28,16,-71.8919,-37.8378,0.072,-0.436,8.3
28,17,-71.8919,-37.7027,0.3,0.136,21.9
28,18,-71.8919,-37.5676,-0.391,-0.299,21.2
28,19,-71.8919,-37.4324,0.647,-0.137,14.5
28,20,-71.8919,-37.2973,0.545,-0.001,22.1
28,21,-71.8919,-37.1622,0.157,-0.429,9.9
28,22,-71.8919,-37.027,0.757,0.142,5.4
28,23,-71.8919,-36.8919,0.043,-0.297,17.4
28,24,-71.8919,-36.7568,0.779,0.062,14.2
28,25,-71.8919,-36.6216,0.368,-0.442,16.3
28,26,-71.8919,-36.4865,0.325,0.088,23.0
28,27,-71.8919,-36.3514,-0.284,-0.472,24.4
28,28,-71.8919,-36.2162,0.647,-0.175,17.7
28,29,-71.8919,-36.0811,0.056,-0.353,20.3
28,30,-71.8919,-35.9459,-0.289,0.148,6.7
28,31,-71.8919,-35.8108,-0.484,-0.338,8.2
28,32,-71.8919,-35.6757,0.228,0.282,19.7
28,33,-71.8919,-35.5405,0.186,0.292,13.6
28,34,-71.8919,-35.4054,0.435,-0.404,13.9
28,35,-71.8919,-35.2703,0.657,0.014,11.2
28,36,-71.8919,-35.1351,-0.397,-0.512,17.1
28,37,-71.8919,-35.0,0.451,-0.208,8.7
28,38,-71.8919,-34.8649,-0.256,0.113,17.5
28,39,-71.8919,-34.7297,0.616,0.059,8.5
28,40,-71.8919,-34.5946,0.565,0.025,6.3
28,41,-71.8919,-34.4595,0.203,-0.317,11.6
28,42,-71.8919,-34.3243,0.423,-0.222,9.6
28,43,-71.8919,-34.1892,-0.091,-0.497,22.8
28,44,-71.8919,-34.0541,0.113,0.119,6.1
28,45,-71.8919,-33.9189,0.568,-0.096,8.5
28,46,-71.8919,-33.7838,0.097,0.109,16.0
28,47,-71.8919,-33.6486,-0.035,-0.351,14.6
28,48,-71.8919,-33.5135,0.142,-0.276,5.9
28,49,-71.8919,-33.3784,0.577,-0.266,5.1
28,50,-71.8919,-33.2432,-0.064,-0.574,24.8
28,51,-71.8919,-33.1081,-0.274,-0.259,18.2
28,52,-71.8919,-32.973,0.426,0.203,12.3
28,53,-71.8919,-32.8378,0.574,0.297,14.4
28,54,-71.8919,-32.7027,-0.369,-0.082,10.3
28,55,-71.8919,-32.5676,-0.188,-0.144,11.9
28,56,-71.8919,-32.4324,-0.315,-0.569,18.0
28,57,-71.8919,-32.2973,-0.048,0.279,22.7
28,58,-71.8919,-32.1622,0.085,-0.587,8.7
28,59,-71.8919,-32.027,0.473,0.345,21.8
28,60,-71.8919,-31.8919,0.346,-0.111,7.4
28,61,-71.8919,-31.7568,0.307,-0.258,9.3
28,62,-71.8919,-31.6216,-0.042,0.324,5.7
28,63,-71.8919,-31.4865,0.594,-0.576,7.8
28,64,-71.8919,-31.3514,0.113,-0.019,23.3
28,65,-71.8919,-31.2162,0.773,-0.051,14.2
28,66,-71.8919,-31.0811,0.324,-0.381,6.6
28,67,-71.8919,-30.9459,-0.336,-0.171,24.2
28,68,-71.8919,-30.8108,0.379,0.052,22.6
28,69,-71.8919,-30.6757,-0.077,0.127,20.1
28,70,-71.8919,-30.5405,0.392,-0.599,23.7
28,71,-71.8919,-30.4054,-0.409,0.337,9.4
28,72,-71.8919,-30.2703,-0.273,-0.435,21.7
28,73,-71.8919,-30.1351,0.612,-0.366,18.8
28,74,-71.8919,-30.0,-0.205,-0.337,22.4
29,0,-71.9595,-40.0,0.588,-0.562,20.9
29,1,-71.9595,-39.8649,-0.137,-0.477,11.9
29,2,-71.9595,-39.7297,0.336,0.386,20.5
29,3,-71.9595,-39.5946,0.402,-0.285,10.2
29,4,-71.9595,-39.4595,0.166,-0.485,11.6
29,5,-71.9595,-39.3243,-0.103,-0.493,7.2
29,6,-71.9595,-39.1892,-0.224,0.119,23.7
29,7,-71.9595,-39.0541,-0.457,0.255,10.8
29,8,-71.9595,-38.9189,-0.105,-0.343,15.4
29,9,-71.9595,-38.7838,0.349,-0.579,12.8
29,10,-71.9595,-38.6486,0.72,-0.377,24.2
29,11,-71.9595,-38.5135,0.633,-0.543,11.7
29,12,-71.9595,-38.3784,0.496,-0.497,20.6
29,13,-71.9595,-38.2432,0.525,-0.168,22.1
29,14,-71.9595,-38.1081,0.364,-0.37,13.7
29,15,-71.9595,-37.973,-0.162,-0.084,12.6
29,16,-71.9595,-37.8378,0.679,-0.347,20.0
29,17,-71.9595,-37.7027,0.372,0.341,23.3
29,18,-71.9595,-37.5676,0.229,0.306,20.1
29,19,-71.9595,-37.4324,-0.356,-0.033,9.5
29,20,-71.9595,-37.2973,0.081,-0.246,22.8
29,21,-71.9595,-37.1622,0.098,-0.219,12.8
29,22,-71.9595,-37.027,0.624,-0.188,16.5
29,23,-71.9595,-36.8919,0.211,0.128,21.6
29,24,-71.9595,-36.7568,-0.005,-0.148,8.8
29,25,-71.9595,-36.6216,0.77,0.257,20.7
29,26,-71.9595,-36.4865,-0.356,0.344,16.9
29,27,-71.9595,-36.3514,0.049,-0.264,22.9
29,28,-71.9595,-36.2162,-0.445,-0.039,8.4
29,29,-71.9595,-36.0811,0.462,-0.505,13.4
29,30,-71.9595,-35.9459,0.693,-0.4,21.7
29,31,-71.9595,-35.8108,-0.136,-0.187,5.4
29,32,-71.9595,-35.6757,0.616,-0.394,7.2
29,33,-71.9595,-35.5405,-0.12,0.277,24.8
29,34,-71.9595,-35.4054,0.684,-0.442,10.6
29,35,-71.9595,-35.2703,0.48,-0.144,24.5
29,36,-71.9595,-35.1351,0.546,0.006,8.7
29,37,-71.9595,-35.0,-0.477,0.092,12.2
29,38,-71.9595,-34.8649,0.752,-0.217,20.1
29,39,-71.9595,-34.7297,0.445,0.269,18.2
29,40,-71.9595,-34.5946,-0.104,-0.032,16.6
29,41,-71.9595,-34.4595,0.578,-0.16,15.6
29,42,-71.9595,-34.3243,-0.134,-0.533,21.9
29,43,-71.9595,-34.1892,0.635,-0.135,9.7
29,44,-71.9595,-34.0541,-0.354,0.221,13.8
29,45,-71.9595,-33.9189,0.415,0.015,8.1
29,46,-71.9595,-33.7838,0.203,0.232,16.9
29,47,-71.9595,-33.6486,-0.375,-0.106,10.0
29,48,-71.9595,-33.5135,-0.186,-0.482,11.7
29,49,-71.9595,-33.3784,-0.484,-0.586,14.4
29,50,-71.9595,-33.2432,0.109,-0.297,5.5
29,51,-71.9595,-33.1081,-0.108,0.098,6.8
29,52,-71.9595,-32.973,0.278,0.19,18.7
29,53,-71.9595,-32.8378,-0.114,-0.304,13.6
29,54,-71.9595,-32.7027,-0.11,-0.104,22.3
29,55,-71.9595,-32.5676,0.466,-0.179,18.9
29,56,-71.9595,-32.4324,-0.437,-0.189,5.2
29,57,-71.9595,-32.2973,0.674,-0.369,17.3
29,58,-71.9595,-32.1622,0.608,-0.464,6.9
29,59,-71.9595,-32.027,0.368,-0.403,20.6
29,60,-71.9595,-31.8919,0.271,-0.545,24.8
29,61,-71.9595,-31.7568,0.66,-0.402,15.6
29,62,-71.9595,-31.6216,-0.259,-0.591,18.7
29,63,-71.9595,-31.4865,-0.397,0.027,9.7
29,64,-71.9595,-31.3514,-0.189,-0.284,13.8
29,65,-71.9595,-31.2162,0.533,0.373,22.1
29,66,-71.9595,-31.0811,-0.455,-0.406,8.3
29,67,-71.9595,-30.9459,0.258,-0.254,10.3
29,68,-71.9595,-30.8108,0.794,-0.242,13.9
29,69,-71.9595,-30.6757,0.612,-0.592,19.2
29,70,-71.9595,-30.5405,0.178,0.239,12.5
29,71,-71.9595,-30.4054,-0.417,-0.568,23.6
29,72,-71.9595,-30.2703,0.581,0.34,6.9
29,73,-71.9595,-30.1351,0.279,0.292,12.4
29,74,-71.9595,-30.0,-0.351,-0.064,19.2
30,0,-72.027,-40.0,-0.378,-0.056,9.5
30,1,-72.027,-39.8649,0.683,0.054,18.1
30,2,-72.027,-39.7297,0.37,-0.213,8.3
30,3,-72.027,-39.5946,0.578,0.047,6.1
30,4,-72.027,-39.4595,0.643,-0.555,7.4
30,5,-72.027,-39.3243,0.243,-0.546,23.6
30,6,-72.027,-39.1892,0.173,-0.143,16.0
30,7,-72.027,-39.0541,0.06,-0.05,20.9
30,8,-72.027,-38.9189,-0.088,0.288,11.7
30,9,-72.027,-38.7838,0.065,-0.495,16.9
30,10,-72.027,-38.6486,0.506,0.223,14.9
30,11,-72.027,-38.5135,0.283,-0.39,23.9
30,12,-72.027,-38.3784,0.66,-0.206,20.0
30,13,-72.027,-38.2432,0.076,-0.283,19.6
30,14,-72.027,-38.1081,0.289,-0.2,5.9
30,15,-72.027,-37.973,0.321,-0.45,16.0
30,16,-72.027,-37.8378,0.269,-0.096,14.3
30,17,-72.027,-37.7027,0.413,0.202,23.6
30,18,-72.027,-37.5676,-0.191,-0.158,10.1
30,19,-72.027,-37.4324,0.166,-0.109,10.4
30,20,-72.027,-37.2973,-0.365,0.249,13.2
30,21,-72.027,-37.1622,-0.0,0.106,9.9
30,22,-72.027,-37.027,0.134,-0.11,7.6
30,23,-72.027,-36.8919,0.348,-0.342,22.1
30,24,-72.027,-36.7568,0.736,0.285,16.2
30,25,-72.027,-36.6216,0.281,-0.023,22.2
30,26,-72.027,-36.4865,0.467,-0.379,21.6
30,27,-72.027,-36.3514,0.158,-0.331,10.6
30,28,-72.027,-36.2162,0.324,0.203,16.0
30,29,-72.027,-36.0811,-0.408,-0.556,6.7
30,30,-72.027,-35.9459,-0.169,0.392,23.3
30,31,-72.027,-35.8108,-0.03,-0.47,13.1
30,32,-72.027,-35.6757,0.114,0.196,12.9
30,33,-72.027,-35.5405,-0.441,-0.205,11.1
30,34,-72.027,-35.4054,-0.318,-0.108,14.2
30,35,-72.027,-35.2703,-0.14,0.281,10.0
30,36,-72.027,-35.1351,0.763,-0.187,12.5
30,37,-72.027,-35.0,-0.069,-0.063,21.0
30,38,-72.027,-34.8649,0.127,-0.551,21.7
30,39,-72.027,-34.7297,-0.245,-0.598,11.1
30,40,-72.027,-34.5946,0.294,-0.355,14.4
30,41,-72.027,-34.4595,-0.135,0.081,22.5
30,42,-72.027,-34.3243,-0.231,-0.479,6.1
30,43,-72.027,-34.1892,0.172,-0.486,22.8
30,44,-72.027,-34.0541,-0.493,-0.189,9.4
30,45,-72.027,-33.9189,-0.49,0.048,18.6
30,46,-72.027,-33.7838,-0.215,0.112,16.7
30,47,-72.027,-33.6486,-0.452,-0.422,16.1
30,48,-72.027,-33.5135,-0.36,-0.52,22.2
30,49,-72.027,-33.3784,-0.059,0.34,7.0
30,50,-72.027,-33.2432,0.543,-0.339,11.9
30,51,-72.027,-33.1081,0.244,0.253,15.8
30,52,-72.027,-32.973,0.166,0.263,21.2
30,53,-72.027,-32.8378,-0.118,0.173,9.3
30,54,-72.027,-32.7027,0.711,-0.431,21.1
30,55,-72.027,-32.5676,0.016,0.222,13.0
30,56,-72.027,-32.4324,-0.387,0.169,8.8
30,57,-72.027,-32.2973,0.302,-0.003,20.2
30,58,-72.027,-32.1622,-0.352,-0.263,6.8
30,59,-72.027,-32.027,-0.051,-0.337,15.3
30,60,-72.027,-31.8919,0.16,-0.478,6.3
30,61,-72.027,-31.7568,0.636,-0.09,12.1
30,62,-72.027,-31.6216,0.142,-0.015,17.0
30,63,-72.027,-31.4865,0.413,-0.241,16.1
30,64,-72.027,-31.3514,0.791,-0.125,13.1
30,65,-72.027,-31.2162,-0.329,-0.236,13.6
30,66,-72.027,-31.0811,-0.143,0.041,9.5
30,67,-72.027,-30.9459,0.013,0.301,14.1
30,68,-72.027,-30.8108,0.048,-0.436,24.1
30,69,-72.027,-30.6757,0.034,-0.219,22.0
30,70,-72.027,-30.5405,0.68,-0.459,7.9
30,71,-72.027,-30.4054,0.428,0.025,5.6
30,72,-72.027,-30.2703,0.29,0.129,23.7
30,73,-72.027,-30.1351,-0.098,0.332,15.5
30,74,-72.027,-30.0,0.571,-0.321,15.8
31,0,-72.0946,-40.0,0.742,0.35,20.6
31,1,-72.0946,-39.8649,0.568,-0.537,11.3
31,2,-72.0946,-39.7297,-0.498,0.003,14.6
31,3,-72.0946,-39.5946,0.327,-0.543,24.4
31,4,-72.0946,-39.4595,-0.434,0.294,18.4
31,5,-72.0946,-39.3243,-0.165,-0.07,8.1
31,6,-72.0946,-39.1892,-0.423,0.069,7.7
31,7,-72.0946,-39.0541,0.285,0.232,9.1
31,8,-72.0946,-38.9189,0.393,-0.45,20.3
31,9,-72.0946,-38.7838,-0.351,-0.561,10.9
31,10,-72.0946,-38.6486,-0.001,0.279,5.4
31,11,-72.0946,-38.5135,0.093,-0.285,23.9
31,12,-72.0946,-38.3784,-0.02,-0.471,8.4
31,13,-72.0946,-38.2432,-0.343,-0.132,5.2
31,14,-72.0946,-38.1081,0.045,-0.002,9.7
31,15,-72.0946,-37.973,0.477,-0.569,9.7
31,16,-72.0946,-37.8378,-0.408,-0.325,13.4
31,17,-72.0946,-37.7027,-0.396,-0.567,23.4
31,18,-72.0946,-37.5676,-0.039,-0.18,22.6
31,19,-72.0946,-37.4324,0.724,0.295,14.1
31,20,-72.0946,-37.2973,0.369,0.383,13.2
31,21,-72.0946,-37.1622,0.382,0.037,16.1
31,22,-72.0946,-37.027,-0.03,-0.438,9.9
31,23,-72.0946,-36.8919,0.272,0.306,6.0
31,24,-72.0946,-36.7568,-0.487,-0.084,23.8
31,25,-72.0946,-36.6216,0.327,-0.446,8.7
31,26,-72.0946,-36.4865,0.687,0.322,9.0
31,27,-72.0946,-36.3514,0.296,0.157,14.4
31,28,-72.0946,-36.2162,0.636,0.132,14.8
31,29,-72.0946,-36.0811,0.441,0.109,5.4
31,30,-72.0946,-35.9459,-0.343,-0.4,8.0
31,31,-72.0946,-35.8108,0.673,-0.389,12.6
31,32,-72.0946,-35.6757,-0.414,0.088,18.7
31,33,-72.0946,-35.5405,0.194,-0.38,9.6
31,34,-72.0946,-35.4054,-0.315,-0.161,13.5
31,35,-72.0946,-35.2703,-0.485,0.182,16.1
31,36,-72.0946,-35.1351,0.049,0.184,22.8
31,37,-72.0946,-35.0,-0.116,-0.147,11.5
31,38,-72.0946,-34.8649,0.132,0.192,7.7
31,39,-72.0946,-34.7297,0.25,0.239,14.8
31,40,-72.0946,-34.5946,-0.443,0.055,19.9
31,41,-72.0946,-34.4595,-0.34,-0.372,7.2
31,42,-72.0946,-34.3243,0.226,-0.326,13.5
31,43,-72.0946,-34.1892,-0.054,-0.285,5.4
31,44,-72.0946,-34.0541,0.448,-0.483,5.7
31,45,-72.0946,-33.9189,0.348,-0.327,14.7
31,46,-72.0946,-33.7838,0.599,-0.39,11.0
31,47,-72.0946,-33.6486,0.4,-0.145,21.9
31,48,-72.0946,-33.5135,0.059,0.308,17.0
31,49,-72.0946,-33.3784,0.375,-0.496,14.1
31,50,-72.0946,-33.2432,-0.142,0.12,13.2
31,51,-72.0946,-33.1081,-0.102,0.087,14.9
31,52,-72.0946,-32.973,0.526,-0.504,5.8
31,53,-72.0946,-32.8378,0.08,0.323,22.9
31,54,-72.0946,-32.7027,0.538,-0.032,25.0
31,55,-72.0946,-32.5676,0.569,-0.236,8.6
31,56,-72.0946,-32.4324,0.615,0.157,7.4
31,57,-72.0946,-32.2973,0.692,-0.343,7.9
31,58,-72.0946,-32.1622,0.06,0.094,18.2
31,59,-72.0946,-32.027,-0.085,-0.56,18.2
31,60,-72.0946,-31.8919,0.257,0.239,22.0
31,61,-72.0946,-31.7568,-0.017,-0.152,20.0
31,62,-72.0946,-31.6216,0.281,0.037,14.0
31,63,-72.0946,-31.4865,0.417,-0.379,17.3
31,64,-72.0946,-31.3514,0.395,0.077,18.8
31,65,-72.0946,-31.2162,-0.013,0.172,15.3
31,66,-72.0946,-31.0811,-0.283,-0.127,14.5
31,67,-72.0946,-30.9459,0.06,0.018,17.9
31,68,-72.0946,-30.8108,-0.315,-0.144,16.1
31,69,-72.0946,-30.6757,0.657,0.294,17.9
31,70,-72.0946,-30.5405,-0.05,-0.102,17.3
31,71,-72.0946,-30.4054,-0.299,0.242,19.4
31,72,-72.0946,-30.2703,-0.467,0.201,17.9
31,73,-72.0946,-30.1351,0.34,-0.189,15.4
31,74,-72.0946,-30.0,0.328,-0.37,18.6
32,0,-72.1622,-40.0,-0.057,-0.194,14.0
32,1,-72.1622,-39.8649,-0.407,0.226,9.8
32,2,-72.1622,-39.7297,0.033,-0.372,5.0
32,3,-72.1622,-39.5946,-0.095,-0.076,16.2
32,4,-72.1622,-39.4595,0.38,0.206,16.8
32,5,-72.1622,-39.3243,0.288,-0.247,24.4
32,6,-72.1622,-39.1892,-0.026,0.042,12.2
32,7,-72.1622,-39.0541,-0.217,-0.354,12.9
32,8,-72.1622,-38.9189,0.784,-0.491,9.0
32,9,-72.1622,-38.7838,0.09,0.194,6.4
32,10,-72.1622,-38.6486,0.395,-0.501,20.5
32,11,-72.1622,-38.5135,-0.317,-0.329,10.0
32,12,-72.1622,-38.3784,0.131,0.255,17.2
32,13,-72.1622,-38.2432,-0.464,-0.254,18.8
32,14,-72.1622,-38.1081,0.157,0.373,14.4
32,15,-72.1622,-37.973,0.753,0.38,22.5
32,16,-72.1622,-37.8378,-0.001,-0.332,13.9
32,17,-72.1622,-37.7027,-0.449,-0.559,10.7
32,18,-72.1622,-37.5676,-0.46,0.105,22.9
32,19,-72.1622,-37.4324,0.004,-0.149,22.2
32,20,-72.1622,-37.2973,-0.292,-0.499,8.3
32,21,-72.1622,-37.1622,-0.47,0.108,5.5
32,22,-72.1622,-37.027,0.483,-0.569,6.8
32,23,-72.1622,-36.8919,0.096,0.27,10.7
32,24,-72.1622,-36.7568,-0.124,-0.461,24.4
32,25,-72.1622,-36.6216,0.67,-0.473,16.2
32,26,-72.1622,-36.4865,-0.349,-0.424,12.5
32,27,-72.1622,-36.3514,0.743,0.36,22.8
32,28,-72.1622,-36.2162,-0.092,0.093,14.1
32,29,-72.1622,-36.0811,0.655,0.201,11.3
32,30,-72.1622,-35.9459,0.284,-0.202,23.8
32,31,-72.1622,-35.8108,0.575,-0.264,22.0
32,32,-72.1622,-35.6757,0.779,-0.366,21.9
32,33,-72.1622,-35.5405,-0.125,-0.119,15.2
32,34,-72.1622,-35.4054,0.749,-0.048,20.8
32,35,-72.1622,-35.2703,0.006,0.032,8.6
32,36,-72.1622,-35.1351,0.001,-0.343,16.5
32,37,-72.1622,-35.0,-0.057,0.349,24.7
32,38,-72.1622,-34.8649,0.204,-0.43,10.8
32,39,-72.1622,-34.7297,-0.3,0.366,20.9
32,40,-72.1622,-34.5946,0.22,-0.585,14.8
32,41,-72.1622,-34.4595,0.204,-0.119,5.8
32,42,-72.1622,-34.3243,0.49,-0.267,20.3
32,43,-72.1622,-34.1892,0.584,-0.151,8.4
32,44,-72.1622,-34.0541,0.073,-0.029,17.6
32,45,-72.1622,-33.9189,-0.107,-0.164,6.7
32,46,-72.1622,-33.7838,-0.163,-0.185,23.9
32,47,-72.1622,-33.6486,-0.247,0.133,10.8
32,48,-72.1622,-33.5135,-0.425,0.086,9.5
32,49,-72.1622,-33.3784,-0.055,0.233,7.6
32,50,-72.1622,-33.2432,-0.149,-0.35,23.9
32,51,-72.1622,-33.1081,0.756,0.01,19.2
32,52,-72.1622,-32.973,0.225,-0.015,19.8
32,53,-72.1622,-32.8378,-0.049,-0.23,15.0
32,54,-72.1622,-32.7027,0.255,-0.114,14.5
32,55,-72.1622,-32.5676,-0.319,-0.286,7.2
32,56,-72.1622,-32.4324,0.077,-0.458,16.2
32,57,-72.1622,-32.2973,0.314,-0.386,9.9
32,58,-72.1622,-32.1622,0.136,-0.494,24.5
32,59,-72.1622,-32.027,0.022,0.083,20.9
32,60,-72.1622,-31.8919,0.792,0.061,13.3
32,61,-72.1622,-31.7568,0.644,0.351,8.0
32,62,-72.1622,-31.6216,0.31,0.13,20.7
32,63,-72.1622,-31.4865,0.24,-0.548,7.4
32,64,-72.1622,-31.3514,0.307,0.284,8.8
32,65,-72.1622,-31.2162,-0.238,0.263,9.2
32,66,-72.1622,-31.0811,0.014,-0.157,16.1
32,67,-72.1622,-30.9459,-0.449,-0.014,20.7
32,68,-72.1622,-30.8108,0.118,0.376,11.3
32,69,-72.1622,-30.6757,0.206,-0.068,6.7
32,70,-72.1622,-30.5405,-0.204,0.305,14.3
32,71,-72.1622,-30.4054,0.753,-0.517,20.0
32,72,-72.1622,-30.2703,0.682,-0.409,9.4
32,73,-72.1622,-30.1351,0.439,-0.159,9.4
32,74,-72.1622,-30.0,0.193,-0.015,23.9
33,0,-72.2297,-40.0,0.631,0.216,24.1
33,1,-72.2297,-39.8649,-0.33,0.388,24.8
33,2,-72.2297,-39.7297,0.528,-0.211,21.2
33,3,-72.2297,-39.5946,-0.338,-0.553,8.8
33,4,-72.2297,-39.4595,0.532,0.201,9.2
33,5,-72.2297,-39.3243,-0.142,0.004,11.8
33,6,-72.2297,-39.1892,0.64,-0.401,11.4
33,7,-72.2297,-39.0541,0.727,-0.105,24.1
33,8,-72.2297,-38.9189,-0.307,0.142,20.8
33,9,-72.2297,-38.7838,0.101,0.17,19.5
33,10,-72.2297,-38.6486,0.775,-0.1,8.7
33,11,-72.2297,-38.5135,0.128,-0.295,23.2
33,12,-72.2297,-38.3784,0.623,0.374,21.6
33,13,-72.2297,-38.2432,0.265,0.063,8.3
33,14,-72.2297,-38.1081,-0.012,-0.192,22.4
33,15,-72.2297,-37.973,-0.128,-0.32,10.4
33,16,-72.2297,-37.8378,-0.236,0.131,6.6
33,17,-72.2297,-37.7027,0.49,-0.358,18.1
33,18,-72.2297,-37.5676,0.003,-0.428,18.1
33,19,-72.2297,-37.4324,0.165,-0.07,6.9
33,20,-72.2297,-37.2973,0.14,-0.31,11.4
33,21,-72.2297,-37.1622,0.25,0.029,24.9
33,22,-72.2297,-37.027,0.625,-0.482,18.6
33,23,-72.2297,-36.8919,0.775,0.055,19.6
33,24,-72.2297,-36.7568,0.03,-0.317,9.3
33,25,-72.2297,-36.6216,0.576,-0.6,6.6
33,26,-72.2297,-36.4865,0.494,-0.473,10.5
33,27,-72.2297,-36.3514,0.246,0.334,10.0
33,28,-72.2297,-36.2162,0.743,0.267,9.7
33,29,-72.2297,-36.0811,-0.239,-0.366,8.9
33,30,-72.2297,-35.9459,-0.358,0.178,16.5
33,31,-72.2297,-35.8108,0.61,0.009,11.6
33,32,-72.2297,-35.6757,0.071,0.371,21.4
33,33,-72.2297,-35.5405,0.601,-0.226,8.7
33,34,-72.2297,-35.4054,0.661,0.081,14.3
33,35,-72.2297,-35.2703,-0.419,-0.536,5.3
33,36,-72.2297,-35.1351,0.649,-0.204,14.6
33,37,-72.2297,-35.0,0.083,0.364,6.1
33,38,-72.2297,-34.8649,0.164,-0.061,24.6
33,39,-72.2297,-34.7297,0.315,-0.312,20.8
33,40,-72.2297,-34.5946,0.704,-0.48,14.8
33,41,-72.2297,-34.4595,-0.475,0.104,6.7
33,42,-72.2297,-34.3243,0.12,0.045,16.8
33,43,-72.2297,-34.1892,0.394,-0.226,20.2
33,44,-72.2297,-34.0541,0.44,0.351,8.8
33,45,-72.2297,-33.9189,0.4,-0.578,16.4
33,46,-72.2297,-33.7838,-0.325,-0.296,21.3
33,47,-72.2297,-33.6486,-0.111,0.321,20.4
33,48,-72.2297,-33.5135,-0.034,-0.279,21.1
33,49,-72.2297,-33.3784,0.546,-0.348,22.6
33,50,-72.2297,-33.2432,-0.138,-0.066,23.8
33,51,-72.2297,-33.1081,-0.226,0.224,13.1
33,52,-72.2297,-32.973,0.745,-0.497,16.4
33,53,-72.2297,-32.8378,-0.488,0.343,20.8
33,54,-72.2297,-32.7027,0.797,0.195,18.9
33,55,-72.2297,-32.5676,0.38,-0.419,24.9
33,56,-72.2297,-32.4324,0.577,0.112,5.3
33,57,-72.2297,-32.2973,-0.117,-0.215,12.1
33,58,-72.2297,-32.1622,-0.481,-0.198,10.6
33,59,-72.2297,-32.027,0.459,0.183,10.2
33,60,-72.2297,-31.8919,0.584,0.363,9.5
33,61,-72.2297,-31.7568,0.463,-0.473,19.2
33,62,-72.2297,-31.6216,-0.314,-0.179,6.7
33,63,-72.2297,-31.4865,0.479,-0.119,19.8
33,64,-72.2297,-31.3514,0.5,-0.224,18.9
33,65,-72.2297,-31.2162,0.356,-0.237,10.0
33,66,-72.2297,-31.0811,0.496,-0.548,10.1
33,67,-72.2297,-30.9459,0.6,0.086,17.6
33,68,-72.2297,-30.8108,0.298,-0.164,20.2
33,69,-72.2297,-30.6757,-0.385,-0.405,22.5
33,70,-72.2297,-30.5405,0.134,0.216,22.0
33,71,-72.2297,-30.4054,-0.399,0.203,24.3
33,72,-72.2297,-30.2703,0.03,-0.114,16.6
33,73,-72.2297,-30.1351,0.029,-0.302,23.2
33,74,-72.2297,-30.0,-0.414,0.038,21.2
34,0,-72.2973,-40.0,-0.047,-0.312,22.9
34,1,-72.2973,-39.8649,-0.356,-0.364,5.2
34,2,-72.2973,-39.7297,0.551,0.131,24.3
34,3,-72.2973,-39.5946,0.732,-0.56,14.5
34,4,-72.2973,-39.4595,-0.406,-0.505,21.0
34,5,-72.2973,-39.3243,0.742,-0.593,7.5
34,6,-72.2973,-39.1892,0.179,-0.447,12.9
34,7,-72.2973,-39.0541,-0.111,-0.531,10.4
34,8,-72.2973,-38.9189,-0.4,0.396,10.8
34,9,-72.2973,-38.7838,0.151,-0.311,7.5
34,10,-72.2973,-38.6486,0.533,-0.451,21.1
34,11,-72.2973,-38.5135,0.419,-0.359,5.2
34,12,-72.2973,-38.3784,-0.435,0.336,11.3
34,13,-72.2973,-38.2432,-0.405,-0.08,8.5
34,14,-72.2973,-38.1081,0.024,-0.235,16.8
34,15,-72.2973,-37.973,-0.116,0.273,10.1
34,16,-72.2973,-37.8378,-0.198,-0.205,10.2
34,17,-72.2973,-37.7027,-0.135,-0.265,14.8
34,18,-72.2973,-37.5676,0.545,-0.393,18.1
34,19,-72.2973,-37.4324,0.708,-0.222,7.4
34,20,-72.2973,-37.2973,0.027,-0.283,8.5
34,21,-72.2973,-37.1622,0.678,0.077,9.9
34,22,-72.2973,-37.027,-0.082,-0.31,24.5
34,23,-72.2973,-36.8919,0.119,-0.023,12.9
34,24,-72.2973,-36.7568,-0.206,-0.534,17.0
34,25,-72.2973,-36.6216,0.333,-0.409,9.8
34,26,-72.2973,-36.4865,0.773,-0.193,14.8
34,27,-72.2973,-36.3514,0.285,0.337,6.5
34,28,-72.2973,-36.2162,-0.035,-0.223,5.7
34,29,-72.2973,-36.0811,0.342,0.064,14.4
34,30,-72.2973,-35.9459,-0.34,-0.345,13.0
34,31,-72.2973,-35.8108,0.655,-0.473,7.7
34,32,-72.2973,-35.6757,0.154,-0.541,18.8
34,33,-72.2973,-35.5405,0.084,-0.295,24.9
34,34,-72.2973,-35.4054,0.262,-0.442,12.9
34,35,-72.2973,-35.2703,0.312,-0.426,17.5
34,36,-72.2973,-35.1351,-0.407,0.161,24.3
34,37,-72.2973,-35.0,0.387,-0.584,21.6
34,38,-72.2973,-34.8649,-0.185,-0.042,14.3
34,39,-72.2973,-34.7297,0.428,-0.221,19.7
34,40,-72.2973,-34.5946,0.569,-0.093,7.6
34,41,-72.2973,-34.4595,0.545,-0.037,15.2
34,42,-72.2973,-34.3243,0.218,-0.287,10.6
34,43,-72.2973,-34.1892,0.176,-0.305,8.2
34,44,-72.2973,-34.0541,-0.314,0.133,13.5
34,45,-72.2973,-33.9189,0.508,0.271,7.6
34,46,-72.2973,-33.7838,-0.147,-0.407,19.0
34,47,-72.2973,-33.6486,0.146,-0.502,14.1
34,48,-72.2973,-33.5135,-0.13,0.298,15.6
34,49,-72.2973,-33.3784,-0.326,-0.25,7.9
34,50,-72.2973,-33.2432,0.318,-0.049,7.8
34,51,-72.2973,-33.1081,-0.429,-0.24,16.7
34,52,-72.2973,-32.973,0.473,-0.474,24.7
34,53,-72.2973,-32.8378,-0.087,-0.011,6.9
34,54,-72.2973,-32.7027,-0.5,-0.075,10.7
34,55,-72.2973,-32.5676,0.164,-0.397,22.4
34,56,-72.2973,-32.4324,-0.439,-0.148,6.4
34,57,-72.2973,-32.2973,-0.141,0.197,22.5
34,58,-72.2973,-32.1622,0.419,-0.01,15.5
34,59,-72.2973,-32.027,-0.419,-0.503,13.2
34,60,-72.2973,-31.8919,0.591,-0.052,11.2
34,61,-72.2973,-31.7568,-0.495,0.103,10.9
34,62,-72.2973,-31.6216,-0.179,0.193,11.1
34,63,-72.2973,-31.4865,0.463,0.029,22.7
34,64,-72.2973,-31.3514,-0.089,-0.447,19.5
34,65,-72.2973,-31.2162,-0.368,0.11,18.4
34,66,-72.2973,-31.0811,-0.032,0.077,21.0
34,67,-72.2973,-30.9459,-0.148,-0.576,10.1
34,68,-72.2973,-30.8108,0.596,-0.188,17.4
34,69,-72.2973,-30.6757,-0.093,-0.267,14.2
34,70,-72.2973,-30.5405,0.526,0.069,20.6
34,71,-72.2973,-30.4054,0.659,-0.384,11.2
34,72,-72.2973,-30.2703,0.064,-0.009,17.9
34,73,-72.2973,-30.1351,0.683,0.313,22.6
34,74,-72.2973,-30.0,-0.009,0.198,13.0
35,0,-72.3649,-40.0,0.753,0.321,6.3
35,1,-72.3649,-39.8649,-0.384,0.379,15.3
35,2,-72.3649,-39.7297,0.393,-0.589,11.9
35,3,-72.3649,-39.5946,0.142,0.023,18.4
35,4,-72.3649,-39.4595,0.004,-0.187,24.0
35,5,-72.3649,-39.3243,0.323,0.26,14.7
35,6,-72.3649,-39.1892,0.415,-0.348,14.3
35,7,-72.3649,-39.0541,-0.494,0.381,18.1
35,8,-72.3649,-38.9189,-0.283,0.014,7.1
35,9,-72.3649,-38.7838,0.427,0.194,10.1
35,10,-72.3649,-38.6486,0.366,-0.514,23.4
35,11,-72.3649,-38.5135,0.756,-0.417,18.4
35,12,-72.3649,-38.3784,0.489,0.158,5.3
35,13,-72.3649,-38.2432,0.736,-0.578,9.1
35,14,-72.3649,-38.1081,0.413,0.217,18.7
35,15,-72.3649,-37.973,-0.113,-0.586,20.3
35,16,-72.3649,-37.8378,-0.363,0.057,21.8
35,17,-72.3649,-37.7027,0.516,-0.235,10.8
35,18,-72.3649,-37.5676,0.337,0.011,23.6
35,19,-72.3649,-37.4324,-0.437,0.096,16.1
35,20,-72.3649,-37.2973,-0.032,-0.258,18.9
35,21,-72.3649,-37.1622,0.744,-0.492,16.9
35,22,-72.3649,-37.027,0.151,-0.53,7.5
35,23,-72.3649,-36.8919,0.063,-0.011,24.3
35,24,-72.3649,-36.7568,0.095,-0.079,7.5
35,25,-72.3649,-36.6216,-0.228,0.142,10.1
35,26,-72.3649,-36.4865,-0.021,-0.09,21.3
35,27,-72.3649,-36.3514,-0.019,-0.178,17.4
35,28,-72.3649,-36.2162,-0.432,-0.202,21.8
35,29,-72.3649,-36.0811,0.498,-0.574,15.3
35,30,-72.3649,-35.9459,0.041,-0.264,12.5
35,31,-72.3649,-35.8108,0.569,0.376,23.4
35,32,-72.3649,-35.6757,0.605,0.274,5.7
35,33,-72.3649,-35.5405,-0.224,-0.271,22.1
35,34,-72.3649,-35.4054,0.355,-0.012,9.6
35,35,-72.3649,-35.2703,0.114,0.247,22.0
35,36,-72.3649,-35.1351,0.644,-0.159,7.8
35,37,-72.3649,-35.0,-0.22,-0.582,16.6
35,38,-72.3649,-34.8649,0.381,-0.525,22.8
35,39,-72.3649,-34.7297,0.29,-0.09,14.5
35,40,-72.3649,-34.5946,-0.116,0.369,19.9
35,41,-72.3649,-34.4595,-0.322,0.093,21.1
35,42,-72.3649,-34.3243,0.347,-0.529,19.7
35,43,-72.3649,-34.1892,0.46,-0.411,23.5
35,44,-72.3649,-34.0541,-0.09,0.171,13.9
35,45,-72.3649,-33.9189,0.338,0.241,8.5
35,46,-72.3649,-33.7838,0.014,0.018,6.0
35,47,-72.3649,-33.6486,0.427,0.044,9.9
35,48,-72.3649,-33.5135,-0.241,-0.572,7.9
35,49,-72.3649,-33.3784,0.657,0.229,16.2
35,50,-72.3649,-33.2432,-0.126,0.188,8.7
35,51,-72.3649,-33.1081,-0.022,-0.341,5.8
35,52,-72.3649,-32.973,-0.424,0.109,5.7
35,53,-72.3649,-32.8378,-0.355,-0.385,21.6
35,54,-72.3649,-32.7027,0.171,-0.56,16.8
35,55,-72.3649,-32.5676,-0.152,-0.399,12.2
35,56,-72.3649,-32.4324,0.586,-0.421,22.9
35,57,-72.3649,-32.2973,-0.481,-0.262,6.4
35,58,-72.3649,-32.1622,-0.007,-0.182,24.6
35,59,-72.3649,-32.027,-0.061,-0.091,17.3
35,60,-72.3649,-31.8919,-0.475,-0.123,8.7
35,61,-72.3649,-31.7568,-0.338,-0.329,18.6
35,62,-72.3649,-31.6216,0.038,-0.571,20.3
35,63,-72.3649,-31.4865,0.141,0.005,13.6
35,64,-72.3649,-31.3514,0.026,-0.204,22.2
35,65,-72.3649,-31.2162,0.19,-0.301,8.0
35,66,-72.3649,-31.0811,0.274,0.267,10.6
35,67,-72.3649,-30.9459,-0.487,0.147,6.9
35,68,-72.3649,-30.8108,0.103,0.258,9.2
35,69,-72.3649,-30.6757,0.753,-0.105,9.8
35,70,-72.3649,-30.5405,0.175,-0.469,23.4
35,71,-72.3649,-30.4054,0.381,0.096,6.6
35,72,-72.3649,-30.2703,-0.095,-0.394,13.5
35,73,-72.3649,-30.1351,0.506,-0.159,15.6
35,74,-72.3649,-30.0,0.505,-0.535,23.0
36,0,-72.4324,-40.0,0.178,0.225,25.0
36,1,-72.4324,-39.8649,0.769,-0.474,20.1
36,2,-72.4324,-39.7297,-0.337,0.303,24.4
36,3,-72.4324,-39.5946,-0.478,0.264,20.7
36,4,-72.4324,-39.4595,0.501,-0.135,24.3
36,5,-72.4324,-39.3243,0.549,0.144,19.1
36,6,-72.4324,-39.1892,-0.344,0.019,6.6
36,7,-72.4324,-39.0541,-0.155,0.203,13.0
36,8,-72.4324,-38.9189,-0.477,-0.168,17.9
36,9,-72.4324,-38.7838,-0.119,0.186,12.0
36,10,-72.4324,-38.6486,0.505,-0.138,10.5
36,11,-72.4324,-38.5135,0.173,0.341,16.5
36,12,-72.4324,-38.3784,-0.047,-0.114,23.7
36,13,-72.4324,-38.2432,-0.017,-0.137,5.7
36,14,-72.4324,-38.1081,-0.498,0.185,20.4
36,15,-72.4324,-37.973,-0.11,0.222,19.5
36,16,-72.4324,-37.8378,0.34,-0.046,24.3
36,17,-72.4324,-37.7027,0.766,-0.42,23.6
36,18,-72.4324,-37.5676,0.601,-0.132,20.2
36,19,-72.4324,-37.4324,-0.469,0.368,15.4
36,20,-72.4324,-37.2973,0.668,0.153,9.1
36,21,-72.4324,-37.1622,0.518,0.211,15.9
36,22,-72.4324,-37.027,0.514,-0.567,20.3
36,23,-72.4324,-36.8919,0.095,-0.132,22.9
36,24,-72.4324,-36.7568,0.017,0.047,20.8
36,25,-72.4324,-36.6216,-0.106,0.23,8.9
36,26,-72.4324,-36.4865,-0.415,-0.551,17.0
36,27,-72.4324,-36.3514,-0.203,0.252,11.6
36,28,-72.4324,-36.2162,-0.179,-0.052,5.2
36,29,-72.4324,-36.0811,0.129,-0.403,9.0
36,30,-72.4324,-35.9459,0.472,-0.283,7.3
36,31,-72.4324,-35.8108,0.116,-0.318,21.9
36,32,-72.4324,-35.6757,-0.425,-0.069,10.2
36,33,-72.4324,-35.5405,0.745,-0.548,10.7
36,34,-72.4324,-35.4054,0.726,-0.441,24.2
36,35,-72.4324,-35.2703,0.521,0.213,12.6
36,36,-72.4324,-35.1351,0.789,-0.467,5.2
36,37,-72.4324,-35.0,0.208,-0.367,10.7
36,38,-72.4324,-34.8649,0.752,-0.147,7.4
36,39,-72.4324,-34.7297,-0.402,-0.083,7.1
36,40,-72.4324,-34.5946,-0.025,0.164,6.5
36,41,-72.4324,-34.4595,-0.207,-0.153,16.9
36,42,-72.4324,-34.3243,-0.245,0.19,8.8
36,43,-72.4324,-34.1892,-0.317,0.018,12.2
36,44,-72.4324,-34.0541,0.309,-0.487,22.2
36,45,-72.4324,-33.9189,0.516,-0.444,13.5
36,46,-72.4324,-33.7838,0.252,-0.163,23.3
36,47,-72.4324,-33.6486,-0.309,-0.203,15.0
36,48,-72.4324,-33.5135,0.554,0.144,13.0
36,49,-72.4324,-33.3784,0.327,-0.019,20.0
36,50,-72.4324,-33.2432,0.005,-0.212,6.5
36,51,-72.4324,-33.1081,0.376,-0.429,6.8
36,52,-72.4324,-32.973,-0.162,-0.373,18.0
36,53,-72.4324,-32.8378,-0.051,-0.024,14.7
36,54,-72.4324,-32.7027,0.693,-0.177,20.8
36,55,-72.4324,-32.5676,-0.122,-0.085,23.3
36,56,-72.4324,-32.4324,0.111,-0.429,12.8
36,57,-72.4324,-32.2973,0.657,0.063,16.9
36,58,-72.4324,-32.1622,0.42,0.253,15.0
36,59,-72.4324,-32.027,-0.419,-0.342,24.6
36,60,-72.4324,-31.8919,-0.309,-0.108,21.6
36,61,-72.4324,-31.7568,-0.49,0.376,23.2
36,62,-72.4324,-31.6216,0.32,-0.267,10.1
36,63,-72.4324,-31.4865,0.082,-0.005,20.5
36,64,-72.4324,-31.3514,-0.325,-0.51,10.3
36,65,-72.4324,-31.2162,0.745,0.006,9.2
36,66,-72.4324,-31.0811,0.189,-0.51,23.9
36,67,-72.4324,-30.9459,-0.186,0.359,5.4
36,68,-72.4324,-30.8108,0.151,0.116,24.3
36,69,-72.4324,-30.6757,0.384,0.188,8.0
36,70,-72.4324,-30.5405,-0.401,0.104,21.4
36,71,-72.4324,-30.4054,-0.143,-0.01,10.5
36,72,-72.4324,-30.2703,0.549,-0.15,12.0
36,73,-72.4324,-30.1351,0.098,0.258,9.3
36,74,-72.4324,-30.0,0.211,0.357,16.7
37,0,-72.5,-40.0,0.063,-0.101,12.0
37,1,-72.5,-39.8649,-0.443,0.332,18.1
37,2,-72.5,-39.7297,-0.285,-0.017,5.3
37,3,-72.5,-39.5946,0.079,-0.062,6.3
37,4,-72.5,-39.4595,-0.228,-0.146,7.0
37,5,-72.5,-39.3243,-0.435,-0.391,13.4
37,6,-72.5,-39.1892,0.597,-0.596,21.3
37,7,-72.5,-39.0541,0.776,-0.358,22.8
37,8,-72.5,-38.9189,0.531,-0.09,9.9
37,9,-72.5,-38.7838,0.61,-0.22,16.5
37,10,-72.5,-38.6486,-0.185,-0.152,20.4
37,11,-72.5,-38.5135,0.749,0.381,10.8
37,12,-72.5,-38.3784,-0.244,-0.25,13.2
37,13,-72.5,-38.2432,0.737,-0.148,15.5
37,14,-72.5,-38.1081,0.793,-0.466,7.7
37,15,-72.5,-37.973,0.425,-0.552,5.5
37,16,-72.5,-37.8378,0.775,0.175,8.1
37,17,-72.5,-37.7027,0.24,-0.029,17.5
37,18,-72.5,-37.5676,-0.163,0.161,6.5
37,19,-72.5,-37.4324,0.068,-0.45,8.8
37,20,-72.5,-37.2973,0.272,-0.028,11.8
37,21,-72.5,-37.1622,-0.405,-0.346,6.6
37,22,-72.5,-37.027,0.309,-0.372,8.8
37,23,-72.5,-36.8919,0.776,-0.588,23.2
37,24,-72.5,-36.7568,-0.253,-0.47,5.4
37,25,-72.5,-36.6216,0.53,-0.291,18.1
37,26,-72.5,-36.4865,0.68,-0.483,12.7
37,27,-72.5,-36.3514,0.727,0.386,18.5
37,28,-72.5,-36.2162,0.748,-0.291,16.8
37,29,-72.5,-36.0811,0.178,-0.47,9.5
37,30,-72.5,-35.9459,0.771,-0.401,21.9
37,31,-72.5,-35.8108,0.485,-0.012,14.8
37,32,-72.5,-35.6757,-0.29,-0.536,21.5
37,33,-72.5,-35.5405,0.12,0.262,13.1
37,34,-72.5,-35.4054,0.434,0.361,24.7
37,35,-72.5,-35.2703,-0.178,-0.353,20.4
37,36,-72.5,-35.1351,0.333,-0.15,24.3
37,37,-72.5,-35.0,0.367,-0.578,15.3
37,38,-72.5,-34.8649,-0.288,0.041,14.5
37,39,-72.5,-34.7297,0.235,-0.186,20.1
37,40,-72.5,-34.5946,0.503,-0.33,22.6
37,41,-72.5,-34.4595,0.149,-0.393,24.3
37,42,-72.5,-34.3243,-0.484,0.054,11.5
37,43,-72.5,-34.1892,-0.488,-0.184,21.0
37,44,-72.5,-34.0541,-0.036,-0.42,9.2
37,45,-72.5,-33.9189,0.704,0.089,15.9
37,46,-72.5,-33.7838,-0.203,-0.035,8.6
37,47,-72.5,-33.6486,0.325,0.259,11.9
37,48,-72.5,-33.5135,-0.211,-0.483,23.6
37,49,-72.5,-33.3784,-0.082,0.186,7.9
37,50,-72.5,-33.2432,0.602,0.074,17.6
37,51,-72.5,-33.1081,0.448,-0.485,16.9
37,52,-72.5,-32.973,-0.376,0.095,7.4
37,53,-72.5,-32.8378,0.057,-0.158,11.5
37,54,-72.5,-32.7027,-0.462,0.345,16.3
37,55,-72.5,-32.5676,0.125,-0.458,8.7
37,56,-72.5,-32.4324,0.361,0.043,21.0
37,57,-72.5,-32.2973,-0.346,-0.218,24.4
37,58,-72.5,-32.1622,-0.124,0.357,9.3
37,59,-72.5,-32.027,0.017,-0.27,8.7
37,60,-72.5,-31.8919,0.695,0.362,14.1
37,61,-72.5,-31.7568,0.791,0.301,20.0
37,62,-72.5,-31.6216,-0.442,-0.33,10.6
37,63,-72.5,-31.4865,0.489,0.204,5.4
37,64,-72.5,-31.3514,-0.017,0.396,15.8
37,65,-72.5,-31.2162,0.01,-0.347,24.1
37,66,-72.5,-31.0811,0.481,-0.163,12.8
37,67,-72.5,-30.9459,0.694,-0.08,13.4
37,68,-72.5,-30.8108,0.736,-0.305,24.4
37,69,-72.5,-30.6757,0.25,-0.585,18.9
37,70,-72.5,-30.5405,-0.036,-0.38,19.4
37,71,-72.5,-30.4054,0.524,-0.318,16.3
37,72,-72.5,-30.2703,-0.174,-0.156,24.5
37,73,-72.5,-30.1351,0.233,-0.429,18.8
37,74,-72.5,-30.0,-0.034,0.273,22.9
38,0,-72.5676,-40.0,0.354,0.105,19.0
38,1,-72.5676,-39.8649,-0.187,-0.515,19.7
38,2,-72.5676,-39.7297,-0.251,0.05,10.8
38,3,-72.5676,-39.5946,0.694,0.054,11.1
38,4,-72.5676,-39.4595,-0.368,0.356,20.7
38,5,-72.5676,-39.3243,0.158,-0.597,10.9
38,6,-72.5676,-39.1892,-0.213,-0.352,16.3
38,7,-72.5676,-39.0541,-0.449,0.328,10.0
38,8,-72.5676,-38.9189,-0.453,0.332,21.3
38,9,-72.5676,-38.7838,-0.272,0.121,7.2
38,10,-72.5676,-38.6486,0.627,0.166,21.6
38,11,-72.5676,-38.5135,-0.133,-0.509,17.1
38,12,-72.5676,-38.3784,0.736,-0.086,8.7
38,13,-72.5676,-38.2432,0.256,-0.368,15.8
38,14,-72.5676,-38.1081,0.068,-0.419,10.6
38,15,-72.5676,-37.973,0.254,0.21,11.5
38,16,-72.5676,-37.8378,0.172,-0.465,12.0
38,17,-72.5676,-37.7027,0.486,-0.131,6.3
38,18,-72.5676,-37.5676,-0.133,0.339,24.7
38,19,-72.5676,-37.4324,-0.041,-0.414,5.6
38,20,-72.5676,-37.2973,0.662,0.378,18.2
38,21,-72.5676,-37.1622,0.73,0.394,12.4
38,22,-72.5676,-37.027,0.66,-0.044,17.9
38,23,-72.5676,-36.8919,0.045,-0.43,12.1
38,24,-72.5676,-36.7568,0.514,-0.284,18.5
38,25,-72.5676,-36.6216,0.119,-0.176,19.6
38,26,-72.5676,-36.4865,0.147,-0.291,18.8
38,27,-72.5676,-36.3514,-0.234,-0.319,7.3
38,28,-72.5676,-36.2162,0.268,0.372,18.1
38,29,-72.5676,-36.0811,-0.258,-0.447,10.6
38,30,-72.5676,-35.9459,-0.069,0.133,5.6
38,31,-72.5676,-35.8108,0.612,-0.6,13.3
38,32,-72.5676,-35.6757,-0.231,-0.004,13.7
38,33,-72.5676,-35.5405,-0.407,0.316,14.3
38,34,-72.5676,-35.4054,-0.41,-0.312,19.1
38,35,-72.5676,-35.2703,0.723,-0.414,11.2
38,36,-72.5676,-35.1351,0.159,0.052,11.3
38,37,-72.5676,-35.0,0.032,0.113,6.2
38,38,-72.5676,-34.8649,0.554,0.088,18.7
38,39,-72.5676,-34.7297,0.587,-0.281,16.4
38,40,-72.5676,-34.5946,-0.068,-0.348,12.0
38,41,-72.5676,-34.4595,0.402,0.356,19.1
38,42,-72.5676,-34.3243,0.502,0.323,15.7
38,43,-72.5676,-34.1892,0.351,-0.143,14.4
38,44,-72.5676,-34.0541,-0.303,0.246,15.2
38,45,-72.5676,-33.9189,0.639,-0.148,17.7
38,46,-72.5676,-33.7838,0.201,-0.176,18.2
38,47,-72.5676,-33.6486,-0.133,-0.443,10.8
38,48,-72.5676,-33.5135,0.053,-0.174,7.8
38,49,-72.5676,-33.3784,-0.451,-0.063,8.1
38,50,-72.5676,-33.2432,-0.334,-0.577,17.8
38,51,-72.5676,-33.1081,0.495,-0.156,22.5
38,52,-72.5676,-32.973,-0.5,0.181,13.2
38,53,-72.5676,-32.8378,0.042,0.08,8.4
38,54,-72.5676,-32.7027,0.179,0.035,20.1
38,55,-72.5676,-32.5676,-0.429,0.31,21.6
38,56,-72.5676,-32.4324,0.765,-0.582,22.6
38,57,-72.5676,-32.2973,-0.206,-0.043,17.1
38,58,-72.5676,-32.1622,-0.105,0.187,22.2
38,59,-72.5676,-32.027,-0.105,-0.059,5.3
38,60,-72.5676,-31.8919,-0.2,-0.276,7.1
38,61,-72.5676,-31.7568,-0.498,-0.464,6.9
38,62,-72.5676,-31.6216,0.448,0.288,19.3
38,63,-72.5676,-31.4865,0.757,-0.129,6.4
38,64,-72.5676,-31.3514,-0.208,0.278,14.9
38,65,-72.5676,-31.2162,0.362,-0.014,14.5
38,66,-72.5676,-31.0811,0.464,0.074,11.2
38,67,-72.5676,-30.9459,0.603,0.204,22.4
38,68,-72.5676,-30.8108,0.049,0.059,8.4
38,69,-72.5676,-30.6757,-0.106,-0.202,12.0
38,70,-72.5676,-30.5405,-0.077,-0.086,20.5
38,71,-72.5676,-30.4054,0.426,0.203,5.6
38,72,-72.5676,-30.2703,0.562,-0.226,18.5
38,73,-72.5676,-30.1351,-0.264,-0.212,21.3
38,74,-72.5676,-30.0,-0.018,-0.504,23.6
39,0,-72.6351,-40.0,0.673,0.315,22.5
39,1,-72.6351,-39.8649,0.549,-0.509,11.4
39,2,-72.6351,-39.7297,0.78,0.048,16.7
39,3,-72.6351,-39.5946,0.481,-0.187,6.5
39,4,-72.6351,-39.4595,0.011,-0.194,10.2
39,5,-72.6351,-39.3243,0.268,0.08,6.9
39,6,-72.6351,-39.1892,0.359,-0.533,11.3
39,7,-72.6351,-39.0541,-0.398,-0.006,22.5
39,8,-72.6351,-38.9189,0.208,0.172,11.9
39,9,-72.6351,-38.7838,0.422,0.228,16.2
39,10,-72.6351,-38.6486,-0.282,-0.429,13.7
39,11,-72.6351,-38.5135,0.515,0.297,14.2
39,12,-72.6351,-38.3784,0.259,0.056,24.4
39,13,-72.6351,-38.2432,0.738,0.282,10.9
39,14,-72.6351,-38.1081,-0.445,-0.115,17.5
39,15,-72.6351,-37.973,-0.155,-0.058,13.4
39,16,-72.6351,-37.8378,0.282,0.319,6.2
39,17,-72.6351,-37.7027,-0.114,0.3,14.8
39,18,-72.6351,-37.5676,0.429,-0.152,21.3
39,19,-72.6351,-37.4324,0.487,-0.326,7.0
39,20,-72.6351,-37.2973,-0.367,-0.207,6.4
39,21,-72.6351,-37.1622,0.168,-0.212,8.1
39,22,-72.6351,-37.027,0.162,-0.313,20.3
39,23,-72.6351,-36.8919,-0.02,-0.331,19.5
39,24,-72.6351,-36.7568,0.713,0.261,16.3
39,25,-72.6351,-36.6216,0.576,-0.53,14.4
39,26,-72.6351,-36.4865,0.406,0.078,22.8
39,27,-72.6351,-36.3514,0.429,-0.427,20.3
39,28,-72.6351,-36.2162,0.1,-0.255,21.2
39,29,-72.6351,-36.0811,0.697,-0.538,21.3
39,30,-72.6351,-35.9459,0.403,-0.33,17.9
39,31,-72.6351,-35.8108,0.448,0.168,14.2
39,32,-72.6351,-35.6757,0.62,0.285,22.3
39,33,-72.6351,-35.5405,-0.144,-0.378,23.5
39,34,-72.6351,-35.4054,0.549,-0.136,5.5
39,35,-72.6351,-35.2703,-0.246,-0.13,6.0
39,36,-72.6351,-35.1351,-0.051,0.274,24.2
39,37,-72.6351,-35.0,-0.064,0.163,10.5
39,38,-72.6351,-34.8649,0.772,-0.087,22.5
39,39,-72.6351,-34.7297,0.613,0.071,12.8
39,40,-72.6351,-34.5946,0.412,0.247,7.4
39,41,-72.6351,-34.4595,0.445,-0.59,6.6
39,42,-72.6351,-34.3243,0.231,-0.197,8.1
39,43,-72.6351,-34.1892,0.731,0.307,10.0
39,44,-72.6351,-34.0541,0.145,0.14,14.8
39,45,-72.6351,-33.9189,-0.005,-0.057,19.0
39,46,-72.6351,-33.7838,-0.288,-0.07,24.7
39,47,-72.6351,-33.6486,0.522,-0.252,13.8
39,48,-72.6351,-33.5135,0.455,-0.079,15.4
39,49,-72.6351,-33.3784,-0.0,0.055,15.4
39,50,-72.6351,-33.2432,-0.467,-0.182,15.8
39,51,-72.6351,-33.1081,0.591,0.114,15.4
39,52,-72.6351,-32.973,-0.485,0.261,5.2
39,53,-72.6351,-32.8378,0.415,-0.445,5.0
39,54,-72.6351,-32.7027,0.761,-0.148,7.0
39,55,-72.6351,-32.5676,0.069,-0.192,7.0
39,56,-72.6351,-32.4324,-0.195,0.087,19.1
39,57,-72.6351,-32.2973,0.416,-0.35,9.1
39,58,-72.6351,-32.1622,0.562,0.04,22.9
39,59,-72.6351,-32.027,0.21,0.277,23.6
39,60,-72.6351,-31.8919,0.757,-0.182,24.5
39,61,-72.6351,-31.7568,-0.433,0.311,23.8
39,62,-72.6351,-31.6216,0.156,0.393,10.4
39,63,-72.6351,-31.4865,0.434,-0.494,15.2
39,64,-72.6351,-31.3514,0.621,-0.367,8.5
39,65,-72.6351,-31.2162,-0.267,0.35,21.1
39,66,-72.6351,-31.0811,0.54,0.358,22.8
39,67,-72.6351,-30.9459,0.219,-0.502,22.0
39,68,-72.6351,-30.8108,0.016,-0.585,13.7
39,69,-72.6351,-30.6757,-0.329,-0.439,20.2
39,70,-72.6351,-30.5405,0.625,0.396,7.0
39,71,-72.6351,-30.4054,-0.296,-0.42,5.8
39,72,-72.6351,-30.2703,-0.097,-0.097,20.1
39,73,-72.6351,-30.1351,-0.123,0.248,13.5
39,74,-72.6351,-30.0,0.633,-0.58,24.9
40,0,-72.7027,-40.0,0.375,0.004,6.9
40,1,-72.7027,-39.8649,0.536,-0.323,22.1
40,2,-72.7027,-39.7297,-0.174,0.262,14.6
40,3,-72.7027,-39.5946,0.312,-0.317,21.5
40,4,-72.7027,-39.4595,0.243,0.087,21.3
40,5,-72.7027,-39.3243,0.583,0.074,23.3
40,6,-72.7027,-39.1892,0.678,-0.379,11.0
40,7,-72.7027,-39.0541,-0.484,-0.565,24.0
40,8,-72.7027,-38.9189,0.376,-0.191,8.0
40,9,-72.7027,-38.7838,-0.433,-0.311,6.6
40,10,-72.7027,-38.6486,0.214,0.209,13.6
40,11,-72.7027,-38.5135,-0.126,0.2,21.6
40,12,-72.7027,-38.3784,-0.101,-0.143,14.5
40,13,-72.7027,-38.2432,-0.041,0.007,21.6
40,14,-72.7027,-38.1081,0.308,0.004,19.6
40,15,-72.7027,-37.973,-0.066,0.227,9.2
40,16,-72.7027,-37.8378,0.453,-0.175,24.0
40,17,-72.7027,-37.7027,0.026,-0.325,6.2
40,18,-72.7027,-37.5676,-0.411,-0.335,23.0
40,19,-72.7027,-37.4324,0.519,-0.064,11.1
40,20,-72.7027,-37.2973,-0.129,-0.151,15.0
40,21,-72.7027,-37.1622,0.063,-0.16,13.4
40,22,-72.7027,-37.027,0.391,-0.509,8.4
40,23,-72.7027,-36.8919,-0.068,0.119,12.2
40,24,-72.7027,-36.7568,-0.426,-0.386,8.9
40,25,-72.7027,-36.6216,-0.014,-0.403,9.1
40,26,-72.7027,-36.4865,0.728,-0.187,8.7
40,27,-72.7027,-36.3514,0.334,-0.372,14.8
40,28,-72.7027,-36.2162,0.373,-0.016,21.0
40,29,-72.7027,-36.0811,0.322,-0.229,16.4
40,30,-72.7027,-35.9459,-0.241,-0.151,22.9
40,31,-72.7027,-35.8108,0.044,-0.063,17.7
40,32,-72.7027,-35.6757,0.476,-0.396,18.8
40,33,-72.7027,-35.5405,-0.368,-0.444,18.4
40,34,-72.7027,-35.4054,-0.139,0.28,14.0
40,35,-72.7027,-35.2703,-0.141,-0.166,18.8
40,36,-72.7027,-35.1351,0.062,-0.188,6.4
40,37,-72.7027,-35.0,0.774,-0.564,22.2
40,38,-72.7027,-34.8649,-0.412,-0.102,20.6
40,39,-72.7027,-34.7297,0.174,-0.046,9.9
40,40,-72.7027,-34.5946,-0.267,-0.041,20.4
40,41,-72.7027,-34.4595,0.762,0.107,5.3
40,42,-72.7027,-34.3243,-0.353,-0.423,9.3
40,43,-72.7027,-34.1892,0.025,-0.348,6.3
40,44,-72.7027,-34.0541,0.459,0.211,20.6
40,45,-72.7027,-33.9189,0.416,0.347,20.1
40,46,-72.7027,-33.7838,0.05,-0.464,21.3
40,47,-72.7027,-33.6486,-0.05,-0.102,5.1
40,48,-72.7027,-33.5135,0.017,-0.386,15.0
40,49,-72.7027,-33.3784,-0.156,-0.54,19.1
40,50,-72.7027,-33.2432,-0.233,-0.274,8.1
40,51,-72.7027,-33.1081,0.128,-0.456,18.0
40,52,-72.7027,-32.973,-0.151,0.11,6.7
40,53,-72.7027,-32.8378,-0.126,-0.066,8.6
40,54,-72.7027,-32.7027,0.354,-0.456,14.5
40,55,-72.7027,-32.5676,0.759,-0.591,18.1
40,56,-72.7027,-32.4324,0.285,0.208,7.9
40,57,-72.7027,-32.2973,-0.4,-0.424,8.7
40,58,-72.7027,-32.1622,-0.402,0.006,9.1
40,59,-72.7027,-32.027,0.737,-0.263,9.8
40,60,-72.7027,-31.8919,-0.114,-0.015,9.5
40,61,-72.7027,-31.7568,-0.38,-0.284,12.9
40,62,-72.7027,-31.6216,0.279,-0.513,18.1
40,63,-72.7027,-31.4865,0.311,-0.377,13.8
40,64,-72.7027,-31.3514,0.343,-0.412,20.5
40,65,-72.7027,-31.2162,-0.152,-0.172,19.4
40,66,-72.7027,-31.0811,-0.48,0.058,7.5
40,67,-72.7027,-30.9459,0.755,-0.336,6.0
40,68,-72.7027,-30.8108,-0.174,-0.588,22.6
40,69,-72.7027,-30.6757,0.379,-0.081,6.6
40,70,-72.7027,-30.5405,0.419,0.006,8.0
40,71,-72.7027,-30.4054,0.293,0.363,5.4
40,72,-72.7027,-30.2703,-0.093,-0.011,17.6
40,73,-72.7027,-30.1351,-0.148,-0.129,16.6
40,74,-72.7027,-30.0,0.277,-0.027,24.7
41,0,-72.7703,-40.0,0.626,0.328,22.7
41,1,-72.7703,-39.8649,0.731,0.228,13.2
41,2,-72.7703,-39.7297,-0.362,-0.277,12.4
41,3,-72.7703,-39.5946,-0.299,-0.363,10.9
41,4,-72.7703,-39.4595,0.728,-0.337,8.0
41,5,-72.7703,-39.3243,0.457,-0.096,7.8
41,6,-72.7703,-39.1892,0.648,0.144,7.6
41,7,-72.7703,-39.0541,-0.237,-0.097,7.3
41,8,-72.7703,-38.9189,0.264,-0.532,9.8
41,9,-72.7703,-38.7838,0.411,0.124,11.1
41,10,-72.7703,-38.6486,0.384,0.206,24.2
41,11,-72.7703,-38.5135,0.031,-0.311,16.6
41,12,-72.7703,-38.3784,-0.48,0.064,24.8
41,13,-72.7703,-38.2432,0.258,-0.173,12.4
41,14,-72.7703,-38.1081,-0.171,0.289,14.2
41,15,-72.7703,-37.973,0.085,0.245,11.5
41,16,-72.7703,-37.8378,0.745,-0.075,8.7
41,17,-72.7703,-37.7027,0.019,0.092,7.9
41,18,-72.7703,-37.5676,0.592,0.283,23.9
41,19,-72.7703,-37.4324,-0.255,-0.104,24.7
41,20,-72.7703,-37.2973,0.374,-0.287,5.9
41,21,-72.7703,-37.1622,0.77,0.154,8.0
41,22,-72.7703,-37.027,-0.368,-0.38,13.5
41,23,-72.7703,-36.8919,-0.489,-0.211,8.7
41,24,-72.7703,-36.7568,0.064,0.266,12.3
41,25,-72.7703,-36.6216,-0.38,0.124,7.6
41,26,-72.7703,-36.4865,0.473,-0.196,14.1
41,27,-72.7703,-36.3514,0.689,-0.385,10.4
41,28,-72.7703,-36.2162,0.064,-0.244,12.0
41,29,-72.7703,-36.0811,-0.164,-0.316,6.9
41,30,-72.7703,-35.9459,0.065,-0.424,13.6
41,31,-72.7703,-35.8108,0.44,0.143,24.7
41,32,-72.7703,-35.6757,-0.488,-0.348,11.6
41,33,-72.7703,-35.5405,0.266,-0.146,22.5
41,34,-72.7703,-35.4054,0.297,-0.214,21.9
41,35,-72.7703,-35.2703,0.329,0.382,24.0
41,36,-72.7703,-35.1351,-0.185,-0.209,20.8
41,37,-72.7703,-35.0,0.428,-0.52,18.2
41,38,-72.7703,-34.8649,-0.381,-0.51,22.1
41,39,-72.7703,-34.7297,-0.241,-0.009,6.5
41,40,-72.7703,-34.5946,0.641,-0.001,14.3
41,41,-72.7703,-34.4595,0.46,-0.181,24.8
41,42,-72.7703,-34.3243,-0.482,-0.168,20.4
41,43,-72.7703,-34.1892,-0.177,-0.546,24.2
41,44,-72.7703,-34.0541,-0.221,-0.083,20.6
41,45,-72.7703,-33.9189,-0.148,-0.095,22.5
41,46,-72.7703,-33.7838,-0.178,-0.45,19.1
41,47,-72.7703,-33.6486,-0.419,-0.496,20.2
41,48,-72.7703,-33.5135,0.097,-0.476,15.5
41,49,-72.7703,-33.3784,0.453,-0.499,23.5
41,50,-72.7703,-33.2432,0.289,0.01,21.5
41,51,-72.7703,-33.1081,0.375,-0.404,21.9
41,52,-72.7703,-32.973,-0.395,-0.349,18.5
41,53,-72.7703,-32.8378,0.737,-0.426,11.1
41,54,-72.7703,-32.7027,0.59,0.358,5.7
41,55,-72.7703,-32.5676,0.547,0.255,23.7
41,56,-72.7703,-32.4324,0.57,-0.37,16.7
41,57,-72.7703,-32.2973,0.713,-0.272,11.0
41,58,-72.7703,-32.1622,0.208,-0.39,8.0
41,59,-72.7703,-32.027,-0.24,-0.108,21.6
41,60,-72.7703,-31.8919,0.302,-0.58,21.7
41,61,-72.7703,-31.7568,0.466,0.071,21.3
41,62,-72.7703,-31.6216,0.459,-0.077,17.9
41,63,-72.7703,-31.4865,0.178,0.299,12.3
41,64,-72.7703,-31.3514,-0.411,-0.436,11.1
41,65,-72.7703,-31.2162,-0.018,0.204,5.2
41,66,-72.7703,-31.0811,0.697,0.192,21.7
41,67,-72.7703,-30.9459,0.26,-0.473,6.7
41,68,-72.7703,-30.8108,0.2,-0.201,17.6
41,69,-72.7703,-30.6757,-0.15,-0.43,15.1
41,70,-72.7703,-30.5405,-0.021,-0.345,15.5
41,71,-72.7703,-30.4054,0.664,-0.337,23.5
41,72,-72.7703,-30.2703,0.366,-0.044,5.6
41,73,-72.7703,-30.1351,0.524,-0.189,20.5
41,74,-72.7703,-30.0,0.091,0.348,6.0
42,0,-72.8378,-40.0,0.319,-0.474,5.8
42,1,-72.8378,-39.8649,-0.177,0.374,13.6
42,2,-72.8378,-39.7297,0.417,-0.369,6.3
42,3,-72.8378,-39.5946,0.056,0.173,20.8
42,4,-72.8378,-39.4595,0.075,-0.261,15.6
42,5,-72.8378,-39.3243,0.344,-0.457,5.6
42,6,-72.8378,-39.1892,0.717,0.258,5.8
42,7,-72.8378,-39.0541,-0.417,-0.291,17.3
42,8,-72.8378,-38.9189,0.572,0.059,21.1
42,9,-72.8378,-38.7838,-0.12,-0.034,13.8
42,10,-72.8378,-38.6486,0.077,-0.128,16.1
42,11,-72.8378,-38.5135,-0.472,-0.104,21.0
42,12,-72.8378,-38.3784,-0.109,0.132,17.2
42,13,-72.8378,-38.2432,0.153,-0.512,9.5
42,14,-72.8378,-38.1081,-0.427,0.068,17.3
42,15,-72.8378,-37.973,0.138,0.296,17.6
42,16,-72.8378,-37.8378,0.705,-0.542,19.7
42,17,-72.8378,-37.7027,-0.363,-0.459,17.4
42,18,-72.8378,-37.5676,0.494,0.117,24.4
42,19,-72.8378,-37.4324,0.033,-0.163,8.9
42,20,-72.8378,-37.2973,0.352,-0.196,24.0
42,21,-72.8378,-37.1622,-0.162,-0.463,15.8
42,22,-72.8378,-37.027,-0.293,-0.093,18.4
42,23,-72.8378,-36.8919,-0.291,-0.473,7.0
42,24,-72.8378,-36.7568,-0.408,-0.123,12.6
42,25,-72.8378,-36.6216,-0.259,0.164,20.4
42,26,-72.8378,-36.4865,0.363,-0.342,19.1
42,27,-72.8378,-36.3514,0.646,-0.119,5.8
42,28,-72.8378,-36.2162,0.558,0.392,15.9
42,29,-72.8378,-36.0811,0.391,0.087,6.8
42,30,-72.8378,-35.9459,-0.356,0.241,24.9
42,31,-72.8378,-35.8108,-0.124,-0.185,22.9
42,32,-72.8378,-35.6757,-0.097,0.168,5.4
42,33,-72.8378,-35.5405,-0.175,-0.559,22.2
42,34,-72.8378,-35.4054,0.17,-0.477,23.4
42,35,-72.8378,-35.2703,0.196,-0.397,12.1
42,36,-72.8378,-35.1351,-0.036,-0.198,19.4
42,37,-72.8378,-35.0,-0.04,0.246,13.8
42,38,-72.8378,-34.8649,0.577,-0.254,18.1
42,39,-72.8378,-34.7297,0.526,0.055,11.8
42,40,-72.8378,-34.5946,-0.1,0.109,11.5
42,41,-72.8378,-34.4595,0.688,-0.014,13.5
42,42,-72.8378,-34.3243,0.739,-0.243,7.9
42,43,-72.8378,-34.1892,-0.075,-0.023,21.6
42,44,-72.8378,-34.0541,-0.039,-0.258,12.0
42,45,-72.8378,-33.9189,0.157,-0.516,13.0
42,46,-72.8378,-33.7838,0.723,0.393,22.9
42,47,-72.8378,-33.6486,0.639,-0.473,14.9
42,48,-72.8378,-33.5135,-0.367,-0.528,15.9
42,49,-72.8378,-33.3784,0.011,0.279,24.1
42,50,-72.8378,-33.2432,0.219,-0.298,22.7
42,51,-72.8378,-33.1081,0.154,0.05,8.4
42,52,-72.8378,-32.973,-0.248,-0.271,14.5
42,53,-72.8378,-32.8378,0.616,-0.209,24.4
42,54,-72.8378,-32.7027,0.38,-0.338,12.4
42,55,-72.8378,-32.5676,0.589,-0.257,12.4
42,56,-72.8378,-32.4324,0.616,-0.189,8.9
42,57,-72.8378,-32.2973,0.473,0.12,7.3
42,58,-72.8378,-32.1622,0.071,-0.088,19.8
42,59,-72.8378,-32.027,0.294,0.344,20.4
42,60,-72.8378,-31.8919,-0.292,-0.558,24.4
42,61,-72.8378,-31.7568,0.376,-0.097,20.5
42,62,-72.8378,-31.6216,-0.267,-0.016,9.9
42,63,-72.8378,-31.4865,0.402,0.32,5.8
42,64,-72.8378,-31.3514,-0.202,-0.551,24.7
42,65,-72.8378,-31.2162,-0.347,-0.027,11.8
42,66,-72.8378,-31.0811,-0.285,0.254,11.2
42,67,-72.8378,-30.9459,-0.497,-0.358,23.1
42,68,-72.8378,-30.8108,0.434,0.276,16.7
42,69,-72.8378,-30.6757,0.452,-0.581,9.3
42,70,-72.8378,-30.5405,0.169,0.132,22.8
42,71,-72.8378,-30.4054,-0.29,0.333,24.9
42,72,-72.8378,-30.2703,-0.391,0.057,6.7
42,73,-72.8378,-30.1351,-0.475,-0.161,22.2
42,74,-72.8378,-30.0,-0.285,-0.555,12.8
43,0,-72.9054,-40.0,0.658,0.32,15.5
43,1,-72.9054,-39.8649,-0.186,-0.13,23.3
43,2,-72.9054,-39.7297,-0.039,-0.571,24.5
43,3,-72.9054,-39.5946,-0.363,0.09,10.2
43,4,-72.9054,-39.4595,-0.211,-0.118,9.3
43,5,-72.9054,-39.3243,0.175,-0.476,6.6
43,6,-72.9054,-39.1892,0.29,-0.386,16.2
43,7,-72.9054,-39.0541,-0.181,-0.536,5.3
43,8,-72.9054,-38.9189,-0.425,-0.026,13.2
43,9,-72.9054,-38.7838,0.008,0.022,6.5
43,10,-72.9054,-38.6486,-0.196,-0.094,13.1
43,11,-72.9054,-38.5135,-0.215,0.217,5.8
43,12,-72.9054,-38.3784,0.748,0.261,21.7
43,13,-72.9054,-38.2432,0.301,0.016,9.2
43,14,-72.9054,-38.1081,0.224,-0.587,11.6
43,15,-72.9054,-37.973,0.041,0.095,22.4
43,16,-72.9054,-37.8378,0.058,-0.182,19.9
43,17,-72.9054,-37.7027,0.203,-0.034,9.4
43,18,-72.9054,-37.5676,0.405,0.049,6.4
43,19,-72.9054,-37.4324,0.413,-0.25,19.3
43,20,-72.9054,-37.2973,-0.277,0.317,12.8
43,21,-72.9054,-37.1622,0.15,-0.466,20.3
43,22,-72.9054,-37.027,0.036,0.072,13.9
43,23,-72.9054,-36.8919,0.632,-0.596,11.9
43,24,-72.9054,-36.7568,0.321,0.325,14.0
43,25,-72.9054,-36.6216,0.192,-0.487,20.0
43,26,-72.9054,-36.4865,-0.35,-0.505,23.0
43,27,-72.9054,-36.3514,0.287,-0.267,6.0
43,28,-72.9054,-36.2162,-0.348,-0.226,15.5
43,29,-72.9054,-36.0811,-0.062,-0.386,5.7
43,30,-72.9054,-35.9459,-0.314,-0.015,14.4
43,31,-72.9054,-35.8108,0.4,-0.157,22.7
43,32,-72.9054,-35.6757,-0.232,-0.566,12.2
43,33,-72.9054,-35.5405,0.009,-0.28,23.6
43,34,-72.9054,-35.4054,0.664,0.21,17.6
43,35,-72.9054,-35.2703,-0.234,0.09,23.7
43,36,-72.9054,-35.1351,0.16,0.125,20.1
43,37,-72.9054,-35.0,0.045,0.098,7.1
43,38,-72.9054,-34.8649,-0.476,-0.289,9.6
43,39,-72.9054,-34.7297,0.531,-0.5,12.9
43,40,-72.9054,-34.5946,-0.41,-0.328,8.4
43,41,-72.9054,-34.4595,0.117,0.232,14.9
43,42,-72.9054,-34.3243,0.229,0.38,14.4
43,43,-72.9054,-34.1892,0.317,-0.106,24.1
43,44,-72.9054,-34.0541,0.395,-0.59,13.7
43,45,-72.9054,-33.9189,-0.171,-0.46,20.7
43,46,-72.9054,-33.7838,-0.487,-0.278,23.8
43,47,-72.9054,-33.6486,0.44,-0.021,22.5
43,48,-72.9054,-33.5135,0.196,-0.525,9.2
43,49,-72.9054,-33.3784,0.587,0.343,14.9
43,50,-72.9054,-33.2432,0.568,-0.235,12.0
43,51,-72.9054,-33.1081,0.596,0.313,13.0
43,52,-72.9054,-32.973,0.131,0.181,12.2
43,53,-72.9054,-32.8378,-0.066,0.155,21.5
43,54,-72.9054,-32.7027,0.529,0.007,14.0
43,55,-72.9054,-32.5676,0.087,0.027,15.5
43,56,-72.9054,-32.4324,-0.262,0.038,24.6
43,57,-72.9054,-32.2973,0.611,0.029,6.2
43,58,-72.9054,-32.1622,0.647,-0.046,14.8
43,59,-72.9054,-32.027,0.106,0.386,20.5
43,60,-72.9054,-31.8919,-0.402,0.132,8.0
43,61,-72.9054,-31.7568,0.004,0.177,17.2
43,62,-72.9054,-31.6216,0.545,0.272,9.8
43,63,-72.9054,-31.4865,0.672,-0.384,22.3
43,64,-72.9054,-31.3514,-0.235,-0.516,11.5
43,65,-72.9054,-31.2162,-0.413,-0.117,11.6
43,66,-72.9054,-31.0811,0.641,-0.086,17.0
43,67,-72.9054,-30.9459,0.006,0.229,8.7
43,68,-72.9054,-30.8108,0.204,-0.156,10.7
43,69,-72.9054,-30.6757,0.758,-0.029,13.3
43,70,-72.9054,-30.5405,-0.413,-0.073,12.1
43,71,-72.9054,-30.4054,0.343,-0.562,15.5
43,72,-72.9054,-30.2703,-0.404,0.015,17.0
43,73,-72.9054,-30.1351,-0.012,0.228,16.3
43,74,-72.9054,-30.0,0.545,-0.442,18.1
44,0,-72.973,-40.0,0.064,-0.006,11.2
44,1,-72.973,-39.8649,0.796,-0.006,7.5
44,2,-72.973,-39.7297,0.227,-0.436,20.2
44,3,-72.973,-39.5946,-0.082,-0.477,22.0
44,4,-72.973,-39.4595,-0.214,0.38,10.1
44,5,-72.973,-39.3243,-0.044,-0.206,13.1
44,6,-72.973,-39.1892,-0.016,-0.373,15.0
44,7,-72.973,-39.0541,-0.411,-0.429,15.7
44,8,-72.973,-38.9189,-0.02,0.068,18.2
44,9,-72.973,-38.7838,0.104,0.009,5.8
44,10,-72.973,-38.6486,0.44,0.044,19.4
44,11,-72.973,-38.5135,0.354,-0.512,6.2
44,12,-72.973,-38.3784,0.421,0.294,14.4
44,13,-72.973,-38.2432,-0.489,-0.211,21.6
44,14,-72.973,-38.1081,-0.217,-0.287,14.0
44,15,-72.973,-37.973,0.36,-0.138,8.0
44,16,-72.973,-37.8378,0.129,-0.21,24.7
44,17,-72.973,-37.7027,-0.493,0.264,22.8
44,18,-72.973,-37.5676,0.546,0.329,20.4
44,19,-72.973,-37.4324,0.505,-0.297,13.2
44,20,-72.973,-37.2973,0.213,0.264,8.7
44,21,-72.973,-37.1622,-0.414,0.182,23.8
44,22,-72.973,-37.027,0.496,0.331,15.6
44,23,-72.973,-36.8919,0.259,-0.354,22.0
44,24,-72.973,-36.7568,0.517,-0.023,11.8
44,25,-72.973,-36.6216,0.477,-0.325,11.7
44,26,-72.973,-36.4865,0.544,0.224,24.7
44,27,-72.973,-36.3514,0.173,-0.595,15.4
44,28,-72.973,-36.2162,-0.318,-0.035,7.8
44,29,-72.973,-36.0811,0.373,-0.261,9.4
44,30,-72.973,-35.9459,0.307,-0.277,14.6
44,31,-72.973,-35.8108,0.465,0.045,5.8
44,32,-72.973,-35.6757,-0.279,0.251,14.3
44,33,-72.973,-35.5405,-0.247,0.009,13.4
44,34,-72.973,-35.4054,0.658,0.253,20.6
44,35,-72.973,-35.2703,0.475,-0.335,12.1
44,36,-72.973,-35.1351,0.681,-0.08,24.7
44,37,-72.973,-35.0,0.486,-0.149,8.6
44,38,-72.973,-34.8649,0.276,-0.588,16.8
44,39,-72.973,-34.7297,0.35,-0.043,6.8
44,40,-72.973,-34.5946,0.656,0.062,19.7
44,41,-72.973,-34.4595,0.252,-0.008,24.9
44,42,-72.973,-34.3243,0.322,0.136,21.4
44,43,-72.973,-34.1892,-0.297,-0.029,16.1
44,44,-72.973,-34.0541,0.116,-0.533,14.7
44,45,-72.973,-33.9189,0.431,-0.484,21.7
44,46,-72.973,-33.7838,-0.148,-0.004,23.7
44,47,-72.973,-33.6486,-0.237,-0.325,24.8
44,48,-72.973,-33.5135,-0.092,-0.52,12.9
44,49,-72.973,-33.3784,-0.186,-0.17,24.8
44,50,-72.973,-33.2432,-0.221,-0.046,8.1
44,51,-72.973,-33.1081,0.052,-0.271,10.1
44,52,-72.973,-32.973,0.68,0.12,6.8
44,53,-72.973,-32.8378,0.159,0.044,10.4
44,54,-72.973,-32.7027,-0.256,-0.267,20.4
44,55,-72.973,-32.5676,-0.4,0.155,22.1
44,56,-72.973,-32.4324,0.405,0.049,20.6
44,57,-72.973,-32.2973,-0.002,0.037,17.6
44,58,-72.973,-32.1622,0.568,-0.047,15.3
44,59,-72.973,-32.027,0.357,-0.589,19.2
44,60,-72.973,-31.8919,0.535,0.097,12.8
44,61,-72.973,-31.7568,-0.146,-0.224,21.8
44,62,-72.973,-31.6216,0.4,0.343,18.5
44,63,-72.973,-31.4865,-0.157,0.218,19.0
44,64,-72.973,-31.3514,0.721,-0.012,15.7
44,65,-72.973,-31.2162,0.327,-0.348,22.7
44,66,-72.973,-31.0811,-0.078,-0.396,10.0
44,67,-72.973,-30.9459,-0.15,-0.26,12.6
44,68,-72.973,-30.8108,-0.252,-0.123,20.6
44,69,-72.973,-30.6757,0.403,-0.304,14.9
44,70,-72.973,-30.5405,-0.216,-0.085,22.8
44,71,-72.973,-30.4054,0.274,-0.435,11.9
44,72,-72.973,-30.2703,-0.156,0.378,12.4
44,73,-72.973,-30.1351,0.361,-0.492,22.8
44,74,-72.973,-30.0,0.559,0.332,14.3
45,0,-73.0405,-40.0,0.511,0.314,15.3
45,1,-73.0405,-39.8649,0.489,-0.075,11.7
45,2,-73.0405,-39.7297,-0.256,0.125,10.5
45,3,-73.0405,-39.5946,-0.385,-0.164,18.1
45,4,-73.0405,-39.4595,0.409,0.03,7.4
45,5,-73.0405,-39.3243,-0.021,-0.259,22.6
45,6,-73.0405,-39.1892,0.062,-0.299,20.6
45,7,-73.0405,-39.0541,-0.46,-0.022,8.8
45,8,-73.0405,-38.9189,-0.163,-0.102,18.9
45,9,-73.0405,-38.7838,-0.456,-0.02,17.1
45,10,-73.0405,-38.6486,0.643,-0.313,8.7
45,11,-73.0405,-38.5135,-0.184,-0.233,10.5
45,12,-73.0405,-38.3784,0.225,-0.516,13.2
45,13,-73.0405,-38.2432,-0.449,-0.548,19.0
45,14,-73.0405,-38.1081,0.367,-0.347,17.8
45,15,-73.0405,-37.973,-0.08,-0.526,15.6
45,16,-73.0405,-37.8378,0.667,-0.496,20.4
45,17,-73.0405,-37.7027,0.655,0.213,20.2
45,18,-73.0405,-37.5676,-0.077,-0.561,17.4
45,19,-73.0405,-37.4324,0.671,0.059,20.7
45,20,-73.0405,-37.2973,0.795,-0.327,11.7
45,21,-73.0405,-37.1622,0.573,0.272,22.6
45,22,-73.0405,-37.027,0.598,-0.115,17.3
45,23,-73.0405,-36.8919,-0.176,-0.294,21.4
45,24,-73.0405,-36.7568,0.25,-0.082,15.9
45,25,-73.0405,-36.6216,-0.413,-0.218,9.4
45,26,-73.0405,-36.4865,-0.377,-0.036,15.8
45,27,-73.0405,-36.3514,0.799,-0.485,12.4
45,28,-73.0405,-36.2162,-0.075,0.397,18.9
45,29,-73.0405,-36.0811,0.473,-0.174,14.5
45,30,-73.0405,-35.9459,0.549,-0.252,21.7
45,31,-73.0405,-35.8108,0.615,0.11,18.6
45,32,-73.0405,-35.6757,0.797,-0.236,18.7
45,33,-73.0405,-35.5405,-0.186,0.233,9.3
45,34,-73.0405,-35.4054,-0.448,-0.146,24.7
45,35,-73.0405,-35.2703,0.035,0.12,21.8
45,36,-73.0405,-35.1351,-0.331,-0.493,20.8
45,37,-73.0405,-35.0,-0.471,0.246,11.6
45,38,-73.0405,-34.8649,-0.031,0.136,15.7
45,39,-73.0405,-34.7297,0.519,-0.388,7.7
45,40,-73.0405,-34.5946,0.236,-0.455,15.8
45,41,-73.0405,-34.4595,-0.093,-0.284,7.9
45,42,-73.0405,-34.3243,0.351,0.376,16.1
45,43,-73.0405,-34.1892,-0.198,-0.343,18.0
45,44,-73.0405,-34.0541,-0.481,-0.144,12.8
45,45,-73.0405,-33.9189,0.494,-0.57,15.0
45,46,-73.0405,-33.7838,0.311,-0.203,22.5
45,47,-73.0405,-33.6486,0.491,-0.029,7.2
45,48,-73.0405,-33.5135,-0.449,0.353,20.8
45,49,-73.0405,-33.3784,0.588,-0.083,8.4
45,50,-73.0405,-33.2432,0.305,0.219,5.7
45,51,-73.0405,-33.1081,0.232,-0.053,8.7
45,52,-73.0405,-32.973,0.312,-0.559,20.3
45,53,-73.0405,-32.8378,0.624,-0.285,13.1
45,54,-73.0405,-32.7027,0.263,-0.024,22.5
45,55,-73.0405,-32.5676,0.255,0.351,15.5
45,56,-73.0405,-32.4324,0.788,0.259,5.4
45,57,-73.0405,-32.2973,0.484,-0.372,19.3
45,58,-73.0405,-32.1622,0.075,-0.38,7.2
45,59,-73.0405,-32.027,0.42,-0.399,20.8
45,60,-73.0405,-31.8919,0.006,0.322,8.4
45,61,-73.0405,-31.7568,-0.202,0.253,11.9
45,62,-73.0405,-31.6216,0.276,0.175,20.2
45,63,-73.0405,-31.4865,0.707,-0.207,24.1
45,64,-73.0405,-31.3514,0.708,-0.096,12.4
45,65,-73.0405,-31.2162,-0.056,-0.136,21.6
45,66,-73.0405,-31.0811,0.186,-0.347,8.8
45,67,-73.0405,-30.9459,-0.225,-0.095,21.1
45,68,-73.0405,-30.8108,0.794,-0.57,18.1
45,69,-73.0405,-30.6757,0.775,-0.468,8.9
45,70,-73.0405,-30.5405,0.344,0.287,11.1
45,71,-73.0405,-30.4054,0.546,0.152,7.6
45,72,-73.0405,-30.2703,0.43,-0.177,12.7
45,73,-73.0405,-30.1351,0.271,-0.083,9.1
45,74,-73.0405,-30.0,-0.431,-0.23,17.9
46,0,-73.1081,-40.0,0.091,0.141,24.9
46,1,-73.1081,-39.8649,0.377,0.184,5.2
46,2,-73.1081,-39.7297,0.381,0.163,15.8
46,3,-73.1081,-39.5946,-0.015,0.123,16.5
46,4,-73.1081,-39.4595,0.724,-0.395,23.3
46,5,-73.1081,-39.3243,-0.282,-0.262,15.1
46,6,-73.1081,-39.1892,0.15,-0.13,15.9
46,7,-73.1081,-39.0541,0.398,-0.269,14.4
46,8,-73.1081,-38.9189,0.406,0.155,10.4
46,9,-73.1081,-38.7838,0.343,-0.271,6.1
46,10,-73.1081,-38.6486,-0.142,-0.462,13.2
46,11,-73.1081,-38.5135,-0.297,-0.201,6.1
46,12,-73.1081,-38.3784,0.327,0.38,16.0
46,13,-73.1081,-38.2432,0.279,-0.374,11.1
46,14,-73.1081,-38.1081,-0.267,0.012,15.7
46,15,-73.1081,-37.973,0.417,-0.167,7.7
46,16,-73.1081,-37.8378,0.092,-0.529,23.7
46,17,-73.1081,-37.7027,0.368,-0.112,22.9
46,18,-73.1081,-37.5676,0.589,0.102,8.8
46,19,-73.1081,-37.4324,-0.279,-0.087,11.9
46,20,-73.1081,-37.2973,-0.475,0.272,17.3
46,21,-73.1081,-37.1622,0.513,-0.311,6.9
46,22,-73.1081,-37.027,0.293,-0.514,12.1
46,23,-73.1081,-36.8919,0.41,0.337,10.0
46,24,-73.1081,-36.7568,0.59,-0.222,23.3
46,25,-73.1081,-36.6216,0.544,-0.024,22.1
46,26,-73.1081,-36.4865,0.749,0.192,16.6
46,27,-73.1081,-36.3514,0.197,-0.276,15.4
46,28,-73.1081,-36.2162,0.135,0.116,23.6
46,29,-73.1081,-36.0811,0.022,-0.465,23.6
46,30,-73.1081,-35.9459,-0.3,-0.309,24.4
46,31,-73.1081,-35.8108,0.244,-0.455,7.5
46,32,-73.1081,-35.6757,-0.14,0.211,8.2
46,33,-73.1081,-35.5405,0.698,-0.377,18.5
46,34,-73.1081,-35.4054,0.258,0.117,15.8
46,35,-73.1081,-35.2703,0.271,0.343,5.4
46,36,-73.1081,-35.1351,-0.039,-0.072,6.2
46,37,-73.1081,-35.0,-0.432,-0.06,22.8
46,38,-73.1081,-34.8649,-0.459,-0.139,22.4
46,39,-73.1081,-34.7297,0.05,-0.274,12.1
46,40,-73.1081,-34.5946,-0.39,-0.124,22.8
46,41,-73.1081,-34.4595,0.289,0.003,16.9
46,42,-73.1081,-34.3243,0.645,0.386,21.1
46,43,-73.1081,-34.1892,0.648,0.338,13.5
46,44,-73.1081,-34.0541,0.357,0.262,7.3
46,45,-73.1081,-33.9189,-0.225,0.289,13.7
46,46,-73.1081,-33.7838,0.622,-0.132,14.1
46,47,-73.1081,-33.6486,0.652,0.057,16.0
46,48,-73.1081,-33.5135,-0.244,0.295,7.1
46,49,-73.1081,-33.3784,0.459,-0.207,24.8
46,50,-73.1081,-33.2432,-0.128,0.362,9.9
46,51,-73.1081,-33.1081,0.543,-0.184,9.0
46,52,-73.1081,-32.973,0.796,0.001,15.5
46,53,-73.1081,-32.8378,-0.461,0.11,15.7
46,54,-73.1081,-32.7027,0.667,0.351,13.8
46,55,-73.1081,-32.5676,0.309,-0.355,20.4
46,56,-73.1081,-32.4324,0.765,0.146,15.3
46,57,-73.1081,-32.2973,0.105,-0.079,17.2
46,58,-73.1081,-32.1622,0.602,-0.331,19.5
46,59,-73.1081,-32.027,-0.419,0.177,5.5
46,60,-73.1081,-31.8919,-0.064,-0.048,16.4
46,61,-73.1081,-31.7568,-0.413,0.061,22.7
46,62,-73.1081,-31.6216,0.768,-0.277,5.3
46,63,-73.1081,-31.4865,0.562,-0.119,13.1
46,64,-73.1081,-31.3514,0.608,0.017,23.5
46,65,-73.1081,-31.2162,0.719,-0.195,12.1
46,66,-73.1081,-31.0811,-0.389,-0.402,14.2
46,67,-73.1081,-30.9459,0.001,0.362,24.6
46,68,-73.1081,-30.8108,-0.408,-0.089,9.0
46,69,-73.1081,-30.6757,-0.226,0.134,6.3
46,70,-73.1081,-30.5405,-0.202,-0.189,22.2
46,71,-73.1081,-30.4054,0.11,-0.245,22.4
46,72,-73.1081,-30.2703,-0.151,-0.193,14.4
46,73,-73.1081,-30.1351,-0.369,-0.191,15.3
46,74,-73.1081,-30.0,-0.282,-0.056,21.7
47,0,-73.1757,-40.0,-0.309,-0.057,19.8
47,1,-73.1757,-39.8649,0.765,-0.103,10.3
47,2,-73.1757,-39.7297,0.487,-0.465,5.3
47,3,-73.1757,-39.5946,0.758,-0.104,14.6
47,4,-73.1757,-39.4595,0.072,-0.431,22.2
47,5,-73.1757,-39.3243,-0.138,-0.474,22.9
47,6,-73.1757,-39.1892,0.538,0.333,24.1
47,7,-73.1757,-39.0541,-0.076,0.005,22.6
47,8,-73.1757,-38.9189,-0.111,0.059,16.6
47,9,-73.1757,-38.7838,-0.198,-0.198,13.9
47,10,-73.1757,-38.6486,-0.331,0.309,20.5
47,11,-73.1757,-38.5135,-0.167,0.038,19.8
47,12,-73.1757,-38.3784,-0.038,0.169,15.8
47,13,-73.1757,-38.2432,0.376,-0.231,6.7
47,14,-73.1757,-38.1081,-0.419,0.36,23.5
47,15,-73.1757,-37.973,-0.226,0.22,14.1
47,16,-73.1757,-37.8378,0.552,0.254,12.3
47,17,-73.1757,-37.7027,-0.309,-0.428,17.6
47,18,-73.1757,-37.5676,-0.055,-0.329,18.5
47,19,-73.1757,-37.4324,0.624,-0.314,9.2
47,20,-73.1757,-37.2973,-0.299,-0.329,21.7
47,21,-73.1757,-37.1622,-0.392,0.255,10.8
47,22,-73.1757,-37.027,0.13,-0.568,8.7
47,23,-73.1757,-36.8919,-0.107,-0.524,13.1
47,24,-73.1757,-36.7568,0.232,-0.326,19.6
47,25,-73.1757,-36.6216,0.545,-0.4,24.3
47,26,-73.1757,-36.4865,-0.322,-0.368,21.2
47,27,-73.1757,-36.3514,0.255,0.198,23.8
47,28,-73.1757,-36.2162,0.157,-0.037,7.8
47,29,-73.1757,-36.0811,-0.313,-0.594,6.4
47,30,-73.1757,-35.9459,0.311,-0.171,16.2
47,31,-73.1757,-35.8108,-0.144,-0.192,10.8
47,32,-73.1757,-35.6757,0.134,-0.486,21.6
47,33,-73.1757,-35.5405,-0.393,0.076,18.4
47,34,-73.1757,-35.4054,0.097,0.102,24.4
47,35,-73.1757,-35.2703,-0.102,0.121,10.1
47,36,-73.1757,-35.1351,0.569,0.128,14.7
47,37,-73.1757,-35.0,-0.426,-0.6,15.0
47,38,-73.1757,-34.8649,0.044,0.354,9.8
47,39,-73.1757,-34.7297,0.096,0.214,16.8
47,40,-73.1757,-34.5946,0.443,0.304,13.9
47,41,-73.1757,-34.4595,0.247,-0.584,13.9
47,42,-73.1757,-34.3243,0.367,0.334,12.3
47,43,-73.1757,-34.1892,0.51,0.21,5.3
47,44,-73.1757,-34.0541,0.621,0.237,15.4
47,45,-73.1757,-33.9189,-0.092,-0.507,11.7
47,46,-73.1757,-33.7838,0.199,0.139,5.0
47,47,-73.1757,-33.6486,0.592,0.36,11.2
47,48,-73.1757,-33.5135,0.786,0.079,10.6
47,49,-73.1757,-33.3784,0.656,-0.029,12.9
47,50,-73.1757,-33.2432,-0.017,0.346,7.6
47,51,-73.1757,-33.1081,-0.246,-0.157,15.2
47,52,-73.1757,-32.973,0.136,-0.001,18.8
47,53,-73.1757,-32.8378,0.464,-0.124,17.6
47,54,-73.1757,-32.7027,0.14,0.333,21.1
47,55,-73.1757,-32.5676,0.128,-0.524,14.0
47,56,-73.1757,-32.4324,0.59,-0.099,15.4
47,57,-73.1757,-32.2973,-0.03,0.087,21.2
47,58,-73.1757,-32.1622,0.618,0.192,13.6
47,59,-73.1757,-32.027,0.029,-0.017,19.0
47,60,-73.1757,-31.8919,-0.073,0.309,13.7
47,61,-73.1757,-31.7568,0.09,0.342,13.4
47,62,-73.1757,-31.6216,0.491,-0.536,20.2
47,63,-73.1757,-31.4865,-0.336,-0.198,8.5
47,64,-73.1757,-31.3514,-0.245,-0.577,11.8
47,65,-73.1757,-31.2162,0.737,-0.271,9.5
47,66,-73.1757,-31.0811,-0.272,-0.063,12.2
47,67,-73.1757,-30.9459,0.238,0.311,9.6
47,68,-73.1757,-30.8108,0.253,0.247,16.6
47,69,-73.1757,-30.6757,0.137,-0.473,21.0
47,70,-73.1757,-30.5405,0.338,-0.507,20.7
47,71,-73.1757,-30.4054,-0.201,-0.011,12.3
47,72,-73.1757,-30.2703,0.218,-0.068,24.8
47,73,-73.1757,-30.1351,-0.016,-0.334,16.9
47,74,-73.1757,-30.0,0.36,0.299,13.0
48,0,-73.2432,-40.0,-0.316,0.327,21.7
48,1,-73.2432,-39.8649,0.242,-0.197,19.6
48,2,-73.2432,-39.7297,-0.259,0.29,20.0
48,3,-73.2432,-39.5946,-0.138,-0.216,8.9
48,4,-73.2432,-39.4595,-0.216,0.137,14.4
48,5,-73.2432,-39.3243,-0.262,-0.124,22.2
48,6,-73.2432,-39.1892,0.573,-0.477,15.1
48,7,-73.2432,-39.0541,-0.129,0.328,18.7
48,8,-73.2432,-38.9189,0.705,-0.146,16.8
48,9,-73.2432,-38.7838,0.761,0.134,21.8
48,10,-73.2432,-38.6486,0.243,-0.233,10.7
48,11,-73.2432,-38.5135,-0.314,-0.581,16.5
48,12,-73.2432,-38.3784,-0.013,-0.499,7.5
48,13,-73.2432,-38.2432,0.537,-0.104,18.8
48,14,-73.2432,-38.1081,-0.022,0.09,19.6
48,15,-73.2432,-37.973,-0.387,-0.265,5.9
48,16,-73.2432,-37.8378,0.224,0.095,18.5
48,17,-73.2432,-37.7027,0.599,0.099,13.3
48,18,-73.2432,-37.5676,0.535,0.104,7.5
48,19,-73.2432,-37.4324,-0.272,-0.107,13.4
48,20,-73.2432,-37.2973,0.375,0.315,8.9
48,21,-73.2432,-37.1622,-0.213,-0.111,13.3
48,22,-73.2432,-37.027,-0.216,-0.15,12.7
48,23,-73.2432,-36.8919,0.636,-0.401,19.8
48,24,-73.2432,-36.7568,-0.175,-0.292,20.5
48,25,-73.2432,-36.6216,-0.158,-0.558,17.1
48,26,-73.2432,-36.4865,-0.499,0.034,5.5
48,27,-73.2432,-36.3514,0.632,-0.351,23.6
48,28,-73.2432,-36.2162,0.53,-0.296,18.7
48,29,-73.2432,-36.0811,0.316,0.171,5.7
48,30,-73.2432,-35.9459,0.475,-0.273,21.4
48,31,-73.2432,-35.8108,-0.302,-0.358,9.0
48,32,-73.2432,-35.6757,0.096,-0.431,16.6
48,33,-73.2432,-35.5405,-0.043,0.175,14.3
48,34,-73.2432,-35.4054,-0.378,-0.47,13.4
48,35,-73.2432,-35.2703,0.132,-0.146,22.8
48,36,-73.2432,-35.1351,0.697,-0.093,13.7
48,37,-73.2432,-35.0,-0.448,0.087,6.5
48,38,-73.2432,-34.8649,-0.121,0.033,23.9
48,39,-73.2432,-34.7297,-0.23,0.211,23.4
48,40,-73.2432,-34.5946,-0.19,-0.555,18.7
48,41,-73.2432,-34.4595,0.681,-0.304,14.4
48,42,-73.2432,-34.3243,0.108,-0.32,6.9
48,43,-73.2432,-34.1892,0.106,-0.454,20.8
48,44,-73.2432,-34.0541,0.489,-0.311,6.5
48,45,-73.2432,-33.9189,-0.299,-0.29,6.4
48,46,-73.2432,-33.7838,0.133,-0.078,15.7
48,47,-73.2432,-33.6486,0.059,0.064,8.2
48,48,-73.2432,-33.5135,0.276,-0.219,5.2
48,49,-73.2432,-33.3784,0.799,0.119,13.5
48,50,-73.2432,-33.2432,0.5,-0.264,7.7
48,51,-73.2432,-33.1081,0.017,-0.31,8.2
48,52,-73.2432,-32.973,0.576,-0.059,6.5
48,53,-73.2432,-32.8378,-0.278,-0.576,9.1
48,54,-73.2432,-32.7027,-0.46,-0.52,19.3
48,55,-73.2432,-32.5676,-0.234,-0.182,21.2
48,56,-73.2432,-32.4324,-0.057,0.343,14.1
48,57,-73.2432,-32.2973,0.164,0.122,15.1
48,58,-73.2432,-32.1622,0.3,-0.512,5.7
48,59,-73.2432,-32.027,0.684,0.246,6.4
48,60,-73.2432,-31.8919,0.163,0.132,10.2
48,61,-73.2432,-31.7568,0.152,0.011,15.9
48,62,-73.2432,-31.6216,-0.435,0.22,19.8
48,63,-73.2432,-31.4865,-0.455,-0.196,17.1
48,64,-73.2432,-31.3514,0.217,-0.378,12.8
48,65,-73.2432,-31.2162,0.07,-0.088,7.4
48,66,-73.2432,-31.0811,0.591,-0.051,20.6
48,67,-73.2432,-30.9459,-0.291,-0.062,12.3
48,68,-73.2432,-30.8108,-0.468,-0.035,19.7
48,69,-73.2432,-30.6757,0.084,0.349,15.3
48,70,-73.2432,-30.5405,-0.191,0.302,19.8
48,71,-73.2432,-30.4054,-0.436,0.276,23.1
48,72,-73.2432,-30.2703,0.442,0.201,23.4
48,73,-73.2432,-30.1351,-0.355,0.343,15.7
48,74,-73.2432,-30.0,0.291,-0.502,15.2
49,0,-73.3108,-40.0,-0.135,-0.335,10.3
49,1,-73.3108,-39.8649,-0.274,-0.105,23.7
49,2,-73.3108,-39.7297,-0.006,0.247,14.2
49,3,-73.3108,-39.5946,0.542,-0.095,7.6
49,4,-73.3108,-39.4595,0.01,0.148,13.7
49,5,-73.3108,-39.3243,0.476,-0.461,7.5
49,6,-73.3108,-39.1892,-0.337,-0.348,15.1
49,7,-73.3108,-39.0541,0.505,0.132,16.2
49,8,-73.3108,-38.9189,-0.192,-0.435,11.8
49,9,-73.3108,-38.7838,0.381,-0.249,6.4
49,10,-73.3108,-38.6486,0.236,-0.335,23.9
49,11,-73.3108,-38.5135,0.708,-0.25,20.5
49,12,-73.3108,-38.3784,0.004,0.108,21.8
49,13,-73.3108,-38.2432,-0.414,-0.232,12.3
49,14,-73.3108,-38.1081,-0.475,-0.045,20.2
49,15,-73.3108,-37.973,0.575,-0.5,14.7
49,16,-73.3108,-37.8378,0.182,0.205,9.0
49,17,-73.3108,-37.7027,0.508,-0.23,7.5
49,18,-73.3108,-37.5676,-0.195,0.049,11.9
49,19,-73.3108,-37.4324,-0.051,0.125,7.8
49,20,-73.3108,-37.2973,-0.461,-0.39,25.0
49,21,-73.3108,-37.1622,0.75,0.285,6.0
49,22,-73.3108,-37.027,0.368,0.016,13.8
49,23,-73.3108,-36.8919,0.713,-0.171,14.0
49,24,-73.3108,-36.7568,-0.155,-0.418,11.0
49,25,-73.3108,-36.6216,0.295,0.342,16.4
49,26,-73.3108,-36.4865,0.382,0.155,8.0
49,27,-73.3108,-36.3514,-0.087,-0.392,20.7
49,28,-73.3108,-36.2162,0.603,-0.262,11.6
49,29,-73.3108,-36.0811,0.731,0.21,16.8
49,30,-73.3108,-35.9459,0.65,0.096,19.3
49,31,-73.3108,-35.8108,0.461,0.166,22.8
49,32,-73.3108,-35.6757,-0.139,-0.159,21.7
49,33,-73.3108,-35.5405,-0.134,0.116,17.2
49,34,-73.3108,-35.4054,0.752,-0.214,12.8
49,35,-73.3108,-35.2703,-0.487,-0.389,15.1
49,36,-73.3108,-35.1351,0.431,0.033,20.4
49,37,-73.3108,-35.0,0.418,0.376,22.6
49,38,-73.3108,-34.8649,0.309,-0.289,7.1
49,39,-73.3108,-34.7297,0.787,-0.139,12.7
49,40,-73.3108,-34.5946,-0.095,0.074,20.5
49,41,-73.3108,-34.4595,-0.058,-0.058,13.6
49,42,-73.3108,-34.3243,-0.397,0.243,11.6
49,43,-73.3108,-34.1892,0.076,0.162,13.2
49,44,-73.3108,-34.0541,-0.161,-0.542,17.1
49,45,-73.3108,-33.9189,-0.054,0.398,25.0
49,46,-73.3108,-33.7838,0.585,0.152,14.9
49,47,-73.3108,-33.6486,0.716,0.264,9.2
49,48,-73.3108,-33.5135,-0.259,0.051,8.3
49,49,-73.3108,-33.3784,-0.016,0.256,5.8
49,50,-73.3108,-33.2432,0.707,-0.488,16.2
49,51,-73.3108,-33.1081,-0.42,-0.252,15.9
49,52,-73.3108,-32.973,-0.38,0.276,9.1
49,53,-73.3108,-32.8378,-0.288,-0.398,18.9
49,54,-73.3108,-32.7027,0.274,-0.522,19.8
49,55,-73.3108,-32.5676,-0.304,0.188,10.2
49,56,-73.3108,-32.4324,0.758,0.235,11.9
49,57,-73.3108,-32.2973,0.081,-0.437,24.8
49,58,-73.3108,-32.1622,0.152,0.254,12.5
49,59,-73.3108,-32.027,-0.179,0.087,20.2
49,60,-73.3108,-31.8919,0.112,-0.08,14.1
49,61,-73.3108,-31.7568,0.36,0.23,20.9
49,62,-73.3108,-31.6216,0.477,-0.181,20.4
49,63,-73.3108,-31.4865,0.48,-0.406,18.4
49,64,-73.3108,-31.3514,0.251,-0.315,22.1
49,65,-73.3108,-31.2162,0.676,-0.095,23.8
49,66,-73.3108,-31.0811,0.563,-0.069,16.6
49,67,-73.3108,-30.9459,0.484,0.206,9.7
49,68,-73.3108,-30.8108,-0.428,0.191,13.0
49,69,-73.3108,-30.6757,-0.491,-0.019,20.2
49,70,-73.3108,-30.5405,-0.224,0.181,18.0
49,71,-73.3108,-30.4054,0.363,-0.408,8.6
49,72,-73.3108,-30.2703,0.035,-0.55,6.0
49,73,-73.3108,-30.1351,0.023,0.274,18.7
49,74,-73.3108,-30.0,0.65,-0.524,10.0
50,0,-73.3784,-40.0,0.664,-0.353,15.0
50,1,-73.3784,-39.8649,0.682,0.095,19.9
50,2,-73.3784,-39.7297,-0.092,-0.191,16.3
50,3,-73.3784,-39.5946,0.398,0.276,6.7
50,4,-73.3784,-39.4595,-0.147,-0.302,8.7
50,5,-73.3784,-39.3243,-0.252,-0.588,9.4
50,6,-73.3784,-39.1892,-0.26,-0.299,10.2
50,7,-73.3784,-39.0541,-0.055,-0.022,16.3
50,8,-73.3784,-38.9189,0.059,-0.224,15.1
50,9,-73.3784,-38.7838,0.58,-0.065,9.1
50,10,-73.3784,-38.6486,-0.344,0.277,6.4
50,11,-73.3784,-38.5135,0.455,0.312,8.4
50,12,-73.3784,-38.3784,0.191,-0.334,24.7
50,13,-73.3784,-38.2432,-0.126,-0.138,14.4
50,14,-73.3784,-38.1081,0.141,-0.051,22.3
50,15,-73.3784,-37.973,-0.11,0.349,22.0
50,16,-73.3784,-37.8378,0.275,0.399,15.2
50,17,-73.3784,-37.7027,0.064,-0.365,19.1
50,18,-73.3784,-37.5676,-0.286,0.127,8.9
50,19,-73.3784,-37.4324,-0.348,-0.222,18.8
50,20,-73.3784,-37.2973,0.211,-0.592,10.4
50,21,-73.3784,-37.1622,0.673,-0.591,21.6
50,22,-73.3784,-37.027,-0.053,-0.139,6.7
50,23,-73.3784,-36.8919,0.453,-0.112,20.5
50,24,-73.3784,-36.7568,0.356,-0.577,7.0
50,25,-73.3784,-36.6216,0.711,0.087,22.6
50,26,-73.3784,-36.4865,0.567,-0.306,11.1
50,27,-73.3784,-36.3514,0.237,-0.04,18.1
50,28,-73.3784,-36.2162,0.354,-0.299,14.8
50,29,-73.3784,-36.0811,0.668,-0.433,12.3
50,30,-73.3784,-35.9459,0.019,-0.193,17.9
50,31,-73.3784,-35.8108,-0.075,-0.368,24.0
50,32,-73.3784,-35.6757,-0.486,-0.065,5.8
50,33,-73.3784,-35.5405,0.575,-0.401,23.4
50,34,-73.3784,-35.4054,0.541,-0.092,17.2
50,35,-73.3784,-35.2703,-0.364,-0.443,21.1
50,36,-73.3784,-35.1351,0.25,0.071,12.7
50,37,-73.3784,-35.0,0.103,0.154,14.4
50,38,-73.3784,-34.8649,-0.346,-0.49,22.4
50,39,-73.3784,-34.7297,0.775,-0.132,13.3
50,40,-73.3784,-34.5946,-0.221,-0.529,15.7
50,41,-73.3784,-34.4595,-0.413,-0.002,5.4
50,42,-73.3784,-34.3243,0.273,-0.336,8.2
50,43,-73.3784,-34.1892,0.461,-0.072,17.8
50,44,-73.3784,-34.0541,-0.458,-0.083,19.3
50,45,-73.3784,-33.9189,0.356,0.324,16.7
50,46,-73.3784,-33.7838,0.192,-0.051,7.9
50,47,-73.3784,-33.6486,-0.366,-0.017,13.9
50,48,-73.3784,-33.5135,-0.276,-0.198,12.1
50,49,-73.3784,-33.3784,0.238,0.349,14.9
50,50,-73.3784,-33.2432,-0.115,0.177,22.4
50,51,-73.3784,-33.1081,0.72,-0.315,20.5
50,52,-73.3784,-32.973,0.564,0.244,6.7
50,53,-73.3784,-32.8378,0.779,-0.168,22.8
50,54,-73.3784,-32.7027,-0.162,0.229,14.4
50,55,-73.3784,-32.5676,0.761,0.223,19.9
50,56,-73.3784,-32.4324,0.061,-0.411,7.8
50,57,-73.3784,-32.2973,-0.048,0.101,18.4
50,58,-73.3784,-32.1622,-0.435,-0.309,9.7
50,59,-73.3784,-32.027,-0.431,-0.303,13.8
50,60,-73.3784,-31.8919,0.4,-0.304,5.3
50,61,-73.3784,-31.7568,0.095,0.126,8.0
50,62,-73.3784,-31.6216,-0.206,-0.37,6.8
50,63,-73.3784,-31.4865,0.298,-0.599,9.8
50,64,-73.3784,-31.3514,-0.171,0.115,7.0
50,65,-73.3784,-31.2162,0.251,-0.429,18.8
50,66,-73.3784,-31.0811,-0.033,-0.496,5.6
50,67,-73.3784,-30.9459,0.571,-0.362,17.4
50,68,-73.3784,-30.8108,0.567,-0.22,7.8
50,69,-73.3784,-30.6757,0.121,-0.124,23.9
50,70,-73.3784,-30.5405,-0.044,-0.555,23.7
50,71,-73.3784,-30.4054,-0.029,0.371,9.5
50,72,-73.3784,-30.2703,0.547,0.116,17.3
50,73,-73.3784,-30.1351,-0.073,-0.277,5.6
50,74,-73.3784,-30.0,-0.228,-0.281,23.6
51,0,-73.4459,-40.0,-0.39,-0.151,15.5
51,1,-73.4459,-39.8649,0.107,0.026,5.9
51,2,-73.4459,-39.7297,0.127,-0.454,11.8
51,3,-73.4459,-39.5946,0.593,-0.411,6.5
51,4,-73.4459,-39.4595,-0.212,0.259,12.9
51,5,-73.4459,-39.3243,-0.005,-0.344,18.4
51,6,-73.4459,-39.1892,0.551,-0.22,14.4
51,7,-73.4459,-39.0541,0.571,0.271,12.7
51,8,-73.4459,-38.9189,-0.0,0.063,7.4
51,9,-73.4459,-38.7838,0.097,-0.258,9.9
51,10,-73.4459,-38.6486,-0.106,0.084,7.0
51,11,-73.4459,-38.5135,0.712,-0.58,21.1
51,12,-73.4459,-38.3784,-0.346,0.136,7.7
51,13,-73.4459,-38.2432,0.714,-0.113,16.9
51,14,-73.4459,-38.1081,0.389,0.213,11.9
51,15,-73.4459,-37.973,0.191,0.355,9.5
51,16,-73.4459,-37.8378,-0.458,0.326,17.8
51,17,-73.4459,-37.7027,0.118,0.309,14.1
51,18,-73.4459,-37.5676,0.03,-0.088,13.0
51,19,-73.4459,-37.4324,-0.29,-0.24,16.9
51,20,-73.4459,-37.2973,0.353,-0.135,14.8
51,21,-73.4459,-37.1622,0.762,0.09,11.1
51,22,-73.4459,-37.027,0.231,0.284,16.2
51,23,-73.4459,-36.8919,0.429,-0.393,18.4
51,24,-73.4459,-36.7568,-0.411,0.318,5.5
51,25,-73.4459,-36.6216,0.043,0.215,14.3
51,26,-73.4459,-36.4865,-0.349,0.379,6.2
51,27,-73.4459,-36.3514,0.297,0.28,8.7
51,28,-73.4459,-36.2162,0.72,-0.32,16.2
51,29,-73.4459,-36.0811,0.36,-0.494,22.3
51,30,-73.4459,-35.9459,-0.4,-0.488,22.7
51,31,-73.4459,-35.8108,-0.039,-0.309,6.4
51,32,-73.4459,-35.6757,0.216,0.014,13.4
51,33,-73.4459,-35.5405,0.024,0.204,16.7
51,34,-73.4459,-35.4054,0.584,0.299,7.9
51,35,-73.4459,-35.2703,0.559,0.024,20.3
51,36,-73.4459,-35.1351,0.295,-0.594,19.9
51,37,-73.4459,-35.0,-0.015,-0.414,23.1
51,38,-73.4459,-34.8649,-0.168,-0.5,5.2
51,39,-73.4459,-34.7297,-0.362,-0.237,9.3
51,40,-73.4459,-34.5946,-0.039,-0.099,21.5
51,41,-73.4459,-34.4595,0.037,-0.557,18.4
51,42,-73.4459,-34.3243,0.379,-0.252,22.9
51,43,-73.4459,-34.1892,0.356,-0.421,6.1
51,44,-73.4459,-34.0541,-0.409,0.047,16.9
51,45,-73.4459,-33.9189,0.014,-0.136,16.4
51,46,-73.4459,-33.7838,-0.264,-0.105,5.7
51,47,-73.4459,-33.6486,-0.296,-0.172,15.3
51,48,-73.4459,-33.5135,0.575,0.356,17.2
51,49,-73.4459,-33.3784,-0.446,-0.385,8.8
51,50,-73.4459,-33.2432,0.045,-0.083,10.5
51,51,-73.4459,-33.1081,-0.281,0.136,17.8
51,52,-73.4459,-32.973,0.643,-0.043,14.4
51,53,-73.4459,-32.8378,0.224,0.329,22.2
51,54,-73.4459,-32.7027,-0.199,-0.222,11.8
51,55,-73.4459,-32.5676,0.153,-0.136,10.3
51,56,-73.4459,-32.4324,0.451,-0.511,24.7
51,57,-73.4459,-32.2973,0.746,0.009,23.2
51,58,-73.4459,-32.1622,-0.213,-0.312,5.6
51,59,-73.4459,-32.027,0.652,-0.44,20.4
51,60,-73.4459,-31.8919,0.715,-0.055,7.2
51,61,-73.4459,-31.7568,0.691,-0.068,5.5
51,62,-73.4459,-31.6216,0.326,-0.524,10.5
51,63,-73.4459,-31.4865,0.319,0.098,10.4
51,64,-73.4459,-31.3514,0.024,0.024,21.4
51,65,-73.4459,-31.2162,0.478,-0.411,19.2
51,66,-73.4459,-31.0811,0.191,-0.131,24.6
51,67,-73.4459,-30.9459,0.381,0.12,19.2
51,68,-73.4459,-30.8108,0.057,-0.071,13.4
51,69,-73.4459,-30.6757,0.451,-0.205,19.0
51,70,-73.4459,-30.5405,0.572,-0.278,25.0
51,71,-73.4459,-30.4054,-0.31,0.01,19.2
51,72,-73.4459,-30.2703,0.583,0.339,20.2
51,73,-73.4459,-30.1351,0.202,0.072,23.8
51,74,-73.4459,-30.0,0.598,-0.525,7.3
52,0,-73.5135,-40.0,0.061,-0.139,19.1
52,1,-73.5135,-39.8649,-0.007,0.291,22.0
52,2,-73.5135,-39.7297,0.69,-0.506,24.1
52,3,-73.5135,-39.5946,-0.173,0.389,9.2
52,4,-73.5135,-39.4595,0.597,0.349,15.1
52,5,-73.5135,-39.3243,0.129,-0.522,18.6
52,6,-73.5135,-39.1892,0.168,0.333,9.9
52,7,-73.5135,-39.0541,-0.099,-0.237,17.0
52,8,-73.5135,-38.9189,0.245,0.245,10.2
52,9,-73.5135,-38.7838,-0.077,-0.182,11.7
52,10,-73.5135,-38.6486,-0.449,-0.159,13.8
52,11,-73.5135,-38.5135,-0.146,0.034,15.6
52,12,-73.5135,-38.3784,-0.492,0.174,14.0
52,13,-73.5135,-38.2432,0.772,-0.566,14.9
52,14,-73.5135,-38.1081,0.755,-0.007,11.0
52,15,-73.5135,-37.973,0.014,-0.413,8.2
52,16,-73.5135,-37.8378,0.447,-0.254,5.9
52,17,-73.5135,-37.7027,-0.05,-0.252,8.9
52,18,-73.5135,-37.5676,0.372,-0.131,16.6
52,19,-73.5135,-37.4324,0.547,-0.266,20.7
52,20,-73.5135,-37.2973,0.731,-0.493,8.4
52,21,-73.5135,-37.1622,0.02,-0.454,7.2
52,22,-73.5135,-37.027,0.518,-0.567,20.0
52,23,-73.5135,-36.8919,-0.154,-0.13,11.1
52,24,-73.5135,-36.7568,0.787,0.354,24.0
52,25,-73.5135,-36.6216,-0.466,-0.484,19.3
52,26,-73.5135,-36.4865,0.285,0.346,11.5
52,27,-73.5135,-36.3514,0.357,0.133,10.8
52,28,-73.5135,-36.2162,0.394,0.037,15.5
52,29,-73.5135,-36.0811,-0.343,0.045,6.6
52,30,-73.5135,-35.9459,0.72,0.227,7.4
52,31,-73.5135,-35.8108,-0.264,-0.493,8.5
52,32,-73.5135,-35.6757,0.31,-0.095,20.5
52,33,-73.5135,-35.5405,-0.211,0.097,15.3
52,34,-73.5135,-35.4054,-0.101,-0.013,5.2
52,35,-73.5135,-35.2703,0.21,0.233,18.5
52,36,-73.5135,-35.1351,0.042,-0.528,13.5
52,37,-73.5135,-35.0,-0.292,0.091,15.2
52,38,-73.5135,-34.8649,-0.278,-0.066,9.3
52,39,-73.5135,-34.7297,0.044,-0.221,16.0
52,40,-73.5135,-34.5946,0.484,-0.26,24.6
52,41,-73.5135,-34.4595,0.667,0.021,6.5
52,42,-73.5135,-34.3243,-0.391,0.291,10.7
52,43,-73.5135,-34.1892,0.011,-0.104,9.9
52,44,-73.5135,-34.0541,-0.37,0.225,10.0
52,45,-73.5135,-33.9189,-0.478,-0.198,12.6
52,46,-73.5135,-33.7838,0.36,-0.498,21.4
52,47,-73.5135,-33.6486,0.283,-0.538,23.3
52,48,-73.5135,-33.5135,-0.288,-0.549,9.0
52,49,-73.5135,-33.3784,-0.196,-0.22,15.9
52,50,-73.5135,-33.2432,-0.469,-0.263,17.7
52,51,-73.5135,-33.1081,0.585,0.118,15.4
52,52,-73.5135,-32.973,0.767,0.143,13.7
52,53,-73.5135,-32.8378,-0.324,-0.549,8.8
52,54,-73.5135,-32.7027,-0.199,-0.379,14.8
52,55,-73.5135,-32.5676,0.629,-0.326,13.0
52,56,-73.5135,-32.4324,0.704,-0.052,20.9
52,57,-73.5135,-32.2973,0.046,-0.455,20.3
52,58,-73.5135,-32.1622,-0.434,-0.466,7.7
52,59,-73.5135,-32.027,-0.449,0.344,6.8
52,60,-73.5135,-31.8919,0.246,0.204,23.2
52,61,-73.5135,-31.7568,0.011,-0.419,15.7
52,62,-73.5135,-31.6216,-0.463,-0.193,22.2
52,63,-73.5135,-31.4865,0.258,-0.244,6.2
52,64,-73.5135,-31.3514,-0.485,0.191,15.5
52,65,-73.5135,-31.2162,0.524,-0.09,15.8
52,66,-73.5135,-31.0811,-0.102,-0.472,22.2
52,67,-73.5135,-30.9459,-0.448,0.139,7.0
52,68,-73.5135,-30.8108,0.265,-0.203,9.8
52,69,-73.5135,-30.6757,0.017,-0.337,13.1
52,70,-73.5135,-30.5405,0.766,-0.225,22.3
52,71,-73.5135,-30.4054,0.207,-0.102,23.8
52,72,-73.5135,-30.2703,-0.142,-0.257,24.9
52,73,-73.5135,-30.1351,0.422,-0.358,24.2
52,74,-73.5135,-30.0,-0.147,-0.201,5.1
53,0,-73.5811,-40.0,0.676,-0.581,6.0
53,1,-73.5811,-39.8649,-0.013,0.172,8.0
53,2,-73.5811,-39.7297,0.215,-0.429,12.0
53,3,-73.5811,-39.5946,-0.434,-0.556,21.6
53,4,-73.5811,-39.4595,0.054,0.054,22.9
53,5,-73.5811,-39.3243,0.582,0.174,8.7
53,6,-73.5811,-39.1892,0.547,0.214,17.4
53,7,-73.5811,-39.0541,-0.208,-0.106,23.3
53,8,-73.5811,-38.9189,-0.206,-0.395,14.3
53,9,-73.5811,-38.7838,0.562,0.137,7.1
53,10,-73.5811,-38.6486,0.71,0.1,14.2
53,11,-73.5811,-38.5135,-0.376,-0.354,12.5
53,12,-73.5811,-38.3784,0.085,0.303,16.6
53,13,-73.5811,-38.2432,-0.061,-0.496,13.8
53,14,-73.5811,-38.1081,0.632,0.383,5.3
53,15,-73.5811,-37.973,-0.391,0.26,24.9
53,16,-73.5811,-37.8378,-0.226,0.088,15.9
53,17,-73.5811,-37.7027,0.478,0.339,14.5
53,18,-73.5811,-37.5676,-0.433,0.122,24.1
53,19,-73.5811,-37.4324,0.14,-0.41,8.1
53,20,-73.5811,-37.2973,0.075,-0.158,8.8
53,21,-73.5811,-37.1622,-0.065,-0.528,21.2
53,22,-73.5811,-37.027,0.013,-0.21,10.2
53,23,-73.5811,-36.8919,0.189,0.142,21.0
53,24,-73.5811,-36.7568,-0.29,-0.214,10.4
53,25,-73.5811,-36.6216,0.244,-0.27,5.7
53,26,-73.5811,-36.4865,0.547,-0.005,15.3
53,27,-73.5811,-36.3514,0.488,0.272,8.9
53,28,-73.5811,-36.2162,-0.3,-0.552,20.2
53,29,-73.5811,-36.0811,-0.306,-0.215,17.8
53,30,-73.5811,-35.9459,-0.151,-0.442,23.5
53,31,-73.5811,-35.8108,-0.031,0.095,20.7
53,32,-73.5811,-35.6757,0.031,-0.494,8.6
53,33,-73.5811,-35.5405,0.384,0.065,21.0
53,34,-73.5811,-35.4054,-0.426,-0.314,17.8
53,35,-73.5811,-35.2703,-0.455,-0.401,18.4
53,36,-73.5811,-35.1351,0.009,0.336,21.6
53,37,-73.5811,-35.0,0.406,-0.581,16.5
53,38,-73.5811,-34.8649,-0.249,-0.162,14.3
53,39,-73.5811,-34.7297,0.334,-0.578,17.7
53,40,-73.5811,-34.5946,-0.162,-0.116,11.0
53,41,-73.5811,-34.4595,0.652,-0.099,8.7
53,42,-73.5811,-34.3243,0.664,-0.278,17.3
53,43,-73.5811,-34.1892,-0.114,-0.468,9.7
53,44,-73.5811,-34.0541,-0.201,-0.224,6.6
53,45,-73.5811,-33.9189,0.035,0.072,5.0
53,46,-73.5811,-33.7838,-0.187,0.182,17.2
53,47,-73.5811,-33.6486,0.374,-0.069,12.2
53,48,-73.5811,-33.5135,0.574,-0.01,20.0
53,49,-73.5811,-33.3784,0.375,-0.399,12.5
53,50,-73.5811,-33.2432,0.572,-0.313,14.7
53,51,-73.5811,-33.1081,0.016,-0.438,13.1
53,52,-73.5811,-32.973,-0.297,-0.351,18.0
53,53,-73.5811,-32.8378,0.459,-0.375,12.1
53,54,-73.5811,-32.7027,-0.031,-0.081,24.3
53,55,-73.5811,-32.5676,0.373,-0.037,23.7
53,56,-73.5811,-32.4324,-0.148,0.345,22.0
53,57,-73.5811,-32.2973,-0.394,-0.404,23.4
53,58,-73.5811,-32.1622,0.79,0.042,14.0
53,59,-73.5811,-32.027,-0.297,0.217,15.7
53,60,-73.5811,-31.8919,0.785,-0.04,19.8
53,61,-73.5811,-31.7568,0.77,-0.345,18.9
53,62,-73.5811,-31.6216,0.532,-0.337,22.8
53,63,-73.5811,-31.4865,0.357,-0.561,19.3
53,64,-73.5811,-31.3514,0.251,-0.295,25.0
53,65,-73.5811,-31.2162,0.626,0.145,12.0
53,66,-73.5811,-31.0811,-0.124,-0.552,21.7
53,67,-73.5811,-30.9459,0.108,-0.381,19.0
53,68,-73.5811,-30.8108,0.305,0.106,18.8
53,69,-73.5811,-30.6757,0.035,0.183,11.5
53,70,-73.5811,-30.5405,0.056,-0.145,20.7
53,71,-73.5811,-30.4054,-0.071,0.098,23.0
53,72,-73.5811,-30.2703,0.234,-0.212,9.4
53,73,-73.5811,-30.1351,0.606,-0.44,17.5
53,74,-73.5811,-30.0,-0.238,-0.202,12.8
54,0,-73.6486,-40.0,0.715,-0.02,24.8
54,1,-73.6486,-39.8649,0.396,0.348,14.6
54,2,-73.6486,-39.7297,0.57,-0.531,9.6
54,3,-73.6486,-39.5946,0.223,-0.093,12.6
54,4,-73.6486,-39.4595,0.513,-0.271,18.1
54,5,-73.6486,-39.3243,-0.479,-0.092,6.5
54,6,-73.6486,-39.1892,0.564,-0.576,17.1
54,7,-73.6486,-39.0541,-0.448,-0.287,23.6
54,8,-73.6486,-38.9189,0.657,0.22,22.0
54,9,-73.6486,-38.7838,0.79,-0.046,6.4
54,10,-73.6486,-38.6486,-0.118,-0.149,24.9
54,11,-73.6486,-38.5135,-0.227,-0.314,19.0
54,12,-73.6486,-38.3784,0.495,-0.302,8.2
54,13,-73.6486,-38.2432,-0.171,-0.217,5.2
54,14,-73.6486,-38.1081,0.625,0.236,8.4
54,15,-73.6486,-37.973,-0.366,0.367,21.8
54,16,-73.6486,-37.8378,-0.336,-0.161,5.4
54,17,-73.6486,-37.7027,0.773,-0.207,9.7
54,18,-73.6486,-37.5676,0.376,0.247,20.1
54,19,-73.6486,-37.4324,0.601,-0.173,16.7
54,20,-73.6486,-37.2973,-0.078,-0.048,20.7
54,21,-73.6486,-37.1622,0.379,-0.369,19.9
54,22,-73.6486,-37.027,0.273,0.144,6.0
54,23,-73.6486,-36.8919,0.284,-0.068,22.9
54,24,-73.6486,-36.7568,0.387,0.209,9.5
54,25,-73.6486,-36.6216,0.248,0.181,16.1
54,26,-73.6486,-36.4865,0.058,-0.385,17.9
54,27,-73.6486,-36.3514,-0.141,0.116,8.4
54,28,-73.6486,-36.2162,0.499,0.2,24.5
54,29,-73.6486,-36.0811,-0.206,-0.254,14.8
54,30,-73.6486,-35.9459,0.4,-0.427,6.2
54,31,-73.6486,-35.8108,-0.197,-0.597,23.7
54,32,-73.6486,-35.6757,0.313,-0.149,16.7
54,33,-73.6486,-35.5405,0.471,-0.248,19.0
54,34,-73.6486,-35.4054,-0.216,-0.045,15.5
54,35,-73.6486,-35.2703,-0.422,-0.412,21.7
54,36,-73.6486,-35.1351,-0.33,0.26,5.7
54,37,-73.6486,-35.0,0.288,-0.342,10.4
54,38,-73.6486,-34.8649,0.604,-0.374,14.4
54,39,-73.6486,-34.7297,-0.442,-0.119,6.5
54,40,-73.6486,-34.5946,0.454,-0.101,19.1
54,41,-73.6486,-34.4595,-0.056,-0.385,12.9
54,42,-73.6486,-34.3243,0.122,-0.328,10.5
54,43,-73.6486,-34.1892,0.708,-0.43,5.1
54,44,-73.6486,-34.0541,-0.068,0.118,19.4
54,45,-73.6486,-33.9189,0.105,0.17,21.7
54,46,-73.6486,-33.7838,-0.482,-0.138,12.9
54,47,-73.6486,-33.6486,-0.394,0.114,16.3
54,48,-73.6486,-33.5135,-0.164,0.136,9.6
54,49,-73.6486,-33.3784,-0.464,-0.462,17.4
54,50,-73.6486,-33.2432,0.321,0.366,5.2
54,51,-73.6486,-33.1081,0.054,0.221,14.8
54,52,-73.6486,-32.973,0.213,-0.396,17.9
54,53,-73.6486,-32.8378,-0.273,-0.414,23.4
54,54,-73.6486,-32.7027,-0.115,-0.474,12.6
54,55,-73.6486,-32.5676,0.363,-0.462,20.3
54,56,-73.6486,-32.4324,0.755,0.148,17.0
54,57,-73.6486,-32.2973,-0.434,-0.13,23.5
54,58,-73.6486,-32.1622,0.657,0.183,13.0
54,59,-73.6486,-32.027,0.25,0.146,11.4
54,60,-73.6486,-31.8919,0.233,0.005,22.7
54,61,-73.6486,-31.7568,0.15,0.086,6.0
54,62,-73.6486,-31.6216,-0.41,-0.582,7.7
54,63,-73.6486,-31.4865,-0.383,-0.288,6.6
54,64,-73.6486,-31.3514,0.281,0.038,21.9
54,65,-73.6486,-31.2162,-0.057,-0.591,5.2
54,66,-73.6486,-31.0811,0.692,-0.567,22.2
54,67,-73.6486,-30.9459,0.029,0.252,14.0
54,68,-73.6486,-30.8108,-0.314,0.084,5.1
54,69,-73.6486,-30.6757,0.429,-0.335,13.0
54,70,-73.6486,-30.5405,-0.119,0.088,8.7
54,71,-73.6486,-30.4054,0.183,0.192,17.5
54,72,-73.6486,-30.2703,0.407,-0.293,18.6
54,73,-73.6486,-30.1351,0.67,-0.564,14.8
54,74,-73.6486,-30.0,0.53,0.333,5.8
55,0,-73.7162,-40.0,0.379,-0.255,18.1
55,1,-73.7162,-39.8649,0.384,-0.494,21.8
55,2,-73.7162,-39.7297,0.73,-0.108,19.4
55,3,-73.7162,-39.5946,-0.115,0.168,21.6
55,4,-73.7162,-39.4595,-0.499,-0.378,9.0
55,5,-73.7162,-39.3243,-0.146,-0.331,22.8
55,6,-73.7162,-39.1892,-0.217,-0.357,11.4
55,7,-73.7162,-39.0541,0.36,0.392,5.3
55,8,-73.7162,-38.9189,0.324,-0.403,21.9
55,9,-73.7162,-38.7838,0.271,-0.024,23.8
55,10,-73.7162,-38.6486,-0.479,0.325,18.1
55,11,-73.7162,-38.5135,0.447,-0.453,9.6
55,12,-73.7162,-38.3784,-0.079,0.371,10.0
55,13,-73.7162,-38.2432,0.365,0.347,14.3
55,14,-73.7162,-38.1081,0.224,0.285,23.0
55,15,-73.7162,-37.973,-0.054,-0.385,8.0
55,16,-73.7162,-37.8378,-0.325,0.034,21.5
55,17,-73.7162,-37.7027,-0.377,0.161,10.8
55,18,-73.7162,-37.5676,0.581,0.386,21.2
55,19,-73.7162,-37.4324,0.694,-0.42,23.4
55,20,-73.7162,-37.2973,0.345,0.166,13.5
55,21,-73.7162,-37.1622,-0.366,-0.261,12.3
55,22,-73.7162,-37.027,0.023,-0.424,21.0
55,23,-73.7162,-36.8919,0.448,-0.179,15.6
55,24,-73.7162,-36.7568,0.514,0.194,18.7
55,25,-73.7162,-36.6216,-0.346,-0.135,17.5
55,26,-73.7162,-36.4865,-0.5,-0.062,8.1
55,27,-73.7162,-36.3514,0.426,0.395,21.9
55,28,-73.7162,-36.2162,-0.036,-0.201,8.9
55,29,-73.7162,-36.0811,-0.169,0.015,23.6
55,30,-73.7162,-35.9459,-0.483,-0.235,10.0
55,31,-73.7162,-35.8108,0.202,-0.207,19.7
55,32,-73.7162,-35.6757,0.606,0.096,10.7
55,33,-73.7162,-35.5405,0.745,0.338,11.4
55,34,-73.7162,-35.4054,0.235,-0.058,11.2
55,35,-73.7162,-35.2703,0.169,0.168,20.0
55,36,-73.7162,-35.1351,-0.389,-0.511,16.1
55,37,-73.7162,-35.0,0.214,-0.389,22.7
55,38,-73.7162,-34.8649,-0.006,-0.098,11.1
55,39,-73.7162,-34.7297,0.289,-0.58,18.8
55,40,-73.7162,-34.5946,0.005,-0.347,20.1
55,41,-73.7162,-34.4595,-0.188,-0.083,8.0
55,42,-73.7162,-34.3243,-0.377,-0.585,13.0
55,43,-73.7162,-34.1892,-0.091,-0.335,14.7
55,44,-73.7162,-34.0541,-0.374,-0.086,12.1
55,45,-73.7162,-33.9189,-0.27,-0.027,11.4
55,46,-73.7162,-33.7838,0.784,0.326,18.7
55,47,-73.7162,-33.6486,0.077,0.045,9.3
55,48,-73.7162,-33.5135,0.191,-0.185,19.2
55,49,-73.7162,-33.3784,0.636,0.33,23.7
55,50,-73.7162,-33.2432,0.794,0.185,16.3
55,51,-73.7162,-33.1081,0.258,-0.4,17.2
55,52,-73.7162,-32.973,0.556,-0.469,6.4
55,53,-73.7162,-32.8378,-0.075,0.076,22.3
55,54,-73.7162,-32.7027,-0.103,-0.04,10.7
55,55,-73.7162,-32.5676,0.024,0.19,17.3
55,56,-73.7162,-32.4324,0.374,0.139,24.6
55,57,-73.7162,-32.2973,0.387,0.025,16.9
55,58,-73.7162,-32.1622,-0.09,0.386,19.5
55,59,-73.7162,-32.027,-0.327,-0.066,13.9
55,60,-73.7162,-31.8919,0.322,-0.487,6.2
55,61,-73.7162,-31.7568,-0.333,0.228,21.0
55,62,-73.7162,-31.6216,0.252,-0.348,5.7
55,63,-73.7162,-31.4865,0.401,0.177,19.0
55,64,-73.7162,-31.3514,0.411,0.357,5.5
55,65,-73.7162,-31.2162,0.48,0.097,22.2
55,66,-73.7162,-31.0811,0.635,-0.004,8.2
55,67,-73.7162,-30.9459,0.15,-0.14,15.3
55,68,-73.7162,-30.8108,0.449,-0.236,16.9
55,69,-73.7162,-30.6757,0.305,-0.247,14.2
55,70,-73.7162,-30.5405,-0.257,0.036,11.8
55,71,-73.7162,-30.4054,-0.467,0.151,14.4
55,72,-73.7162,-30.2703,-0.13,0.079,11.2
55,73,-73.7162,-30.1351,0.076,-0.402,13.8
55,74,-73.7162,-30.0,0.302,-0.106,12.2
56,0,-73.7838,-40.0,0.605,0.192,16.3
56,1,-73.7838,-39.8649,-0.245,-0.124,9.8
56,2,-73.7838,-39.7297,-0.337,-0.063,24.8
56,3,-73.7838,-39.5946,0.753,0.171,15.0
56,4,-73.7838,-39.4595,-0.36,0.061,8.9
56,5,-73.7838,-39.3243,0.122,-0.191,14.5
56,6,-73.7838,-39.1892,0.261,0.295,22.3
56,7,-73.7838,-39.0541,0.204,-0.437,5.4
56,8,-73.7838,-38.9189,-0.388,0.396,18.6
56,9,-73.7838,-38.7838,-0.426,-0.481,16.0
56,10,-73.7838,-38.6486,-0.363,-0.585,8.4
56,11,-73.7838,-38.5135,0.261,0.29,21.3
56,12,-73.7838,-38.3784,0.208,-0.355,12.4
56,13,-73.7838,-38.2432,-0.196,0.13,10.9
56,14,-73.7838,-38.1081,0.329,0.211,21.6
56,15,-73.7838,-37.973,0.566,0.259,17.8
56,16,-73.7838,-37.8378,-0.446,0.392,23.0
56,17,-73.7838,-37.7027,0.148,-0.306,17.6
56,18,-73.7838,-37.5676,0.396,0.11,19.8
56,19,-73.7838,-37.4324,-0.172,-0.485,21.7
56,20,-73.7838,-37.2973,-0.1,-0.193,6.1
56,21,-73.7838,-37.1622,0.298,0.248,20.5
56,22,-73.7838,-37.027,0.667,-0.232,17.3
56,23,-73.7838,-36.8919,0.553,-0.009,6.4
56,24,-73.7838,-36.7568,0.258,-0.096,15.2
56,25,-73.7838,-36.6216,0.449,0.046,6.6
56,26,-73.7838,-36.4865,-0.026,0.373,19.7
56,27,-73.7838,-36.3514,0.333,-0.544,15.9
56,28,-73.7838,-36.2162,0.106,-0.026,24.1
56,29,-73.7838,-36.0811,-0.253,0.263,8.7
56,30,-73.7838,-35.9459,0.412,-0.119,17.1
56,31,-73.7838,-35.8108,0.223,-0.521,9.2
56,32,-73.7838,-35.6757,-0.034,-0.039,17.3
56,33,-73.7838,-35.5405,0.685,-0.268,19.5
56,34,-73.7838,-35.4054,-0.473,-0.445,19.4
56,35,-73.7838,-35.2703,-0.089,0.249,21.3
56,36,-73.7838,-35.1351,-0.426,-0.078,22.1
56,37,-73.7838,-35.0,0.496,0.333,6.5
56,38,-73.7838,-34.8649,0.413,0.206,11.9
56,39,-73.7838,-34.7297,-0.069,0.093,18.7
56,40,-73.7838,-34.5946,0.378,-0.595,15.0
56,41,-73.7838,-34.4595,0.015,-0.172,8.8
56,42,-73.7838,-34.3243,0.483,-0.403,16.1
56,43,-73.7838,-34.1892,0.09,0.311,13.1
56,44,-73.7838,-34.0541,0.036,-0.425,12.8
56,45,-73.7838,-33.9189,0.715,-0.314,21.2
56,46,-73.7838,-33.7838,-0.174,-0.083,13.2
56,47,-73.7838,-33.6486,-0.343,-0.337,5.5
56,48,-73.7838,-33.5135,0.26,-0.39,6.2
56,49,-73.7838,-33.3784,0.76,-0.001,22.1
56,50,-73.7838,-33.2432,-0.009,-0.511,24.2
56,51,-73.7838,-33.1081,-0.419,-0.542,18.8
56,52,-73.7838,-32.973,-0.059,-0.228,12.3
56,53,-73.7838,-32.8378,0.158,0.121,23.8
56,54,-73.7838,-32.7027,-0.29,-0.045,18.3
56,55,-73.7838,-32.5676,0.356,-0.177,21.9
56,56,-73.7838,-32.4324,0.797,-0.034,20.3
56,57,-73.7838,-32.2973,0.087,-0.235,12.6
56,58,-73.7838,-32.1622,-0.039,0.336,14.6
56,59,-73.7838,-32.027,0.021,-0.545,8.7
56,60,-73.7838,-31.8919,-0.35,0.073,10.8
56,61,-73.7838,-31.7568,0.648,0.291,20.6
56,62,-73.7838,-31.6216,0.039,0.204,22.9
56,63,-73.7838,-31.4865,0.003,-0.416,19.5
56,64,-73.7838,-31.3514,0.358,-0.304,14.3
56,65,-73.7838,-31.2162,0.075,0.117,6.7
56,66,-73.7838,-31.0811,0.343,-0.516,6.1
56,67,-73.7838,-30.9459,-0.42,0.212,12.5
56,68,-73.7838,-30.8108,0.558,0.119,14.3
56,69,-73.7838,-30.6757,0.723,0.13,17.2
56,70,-73.7838,-30.5405,0.343,-0.5,5.1
56,71,-73.7838,-30.4054,0.741,0.118,24.8
56,72,-73.7838,-30.2703,-0.303,0.08,12.3
56,73,-73.7838,-30.1351,0.121,0.231,22.0
56,74,-73.7838,-30.0,0.282,-0.558,15.7
57,0,-73.8514,-40.0,0.256,-0.577,7.6
57,1,-73.8514,-39.8649,0.022,-0.227,21.0
57,2,-73.8514,-39.7297,-0.06,-0.451,19.2
57,3,-73.8514,-39.5946,-0.335,-0.042,15.5
57,4,-73.8514,-39.4595,0.009,0.317,15.3
57,5,-73.8514,-39.3243,-0.289,-0.209,6.7
57,6,-73.8514,-39.1892,0.455,0.245,18.1
57,7,-73.8514,-39.0541,-0.229,-0.6,23.2
57,8,-73.8514,-38.9189,-0.424,-0.431,6.9
57,9,-73.8514,-38.7838,0.218,-0.57,10.3
57,10,-73.8514,-38.6486,0.274,-0.272,23.0
57,11,-73.8514,-38.5135,0.633,0.308,10.7
57,12,-73.8514,-38.3784,0.25,-0.503,18.1
57,13,-73.8514,-38.2432,-0.051,0.006,15.7
57,14,-73.8514,-38.1081,0.544,-0.149,16.9
57,15,-73.8514,-37.973,0.202,0.338,13.3
57,16,-73.8514,-37.8378,-0.397,-0.477,11.0
57,17,-73.8514,-37.7027,0.236,-0.388,6.0
57,18,-73.8514,-37.5676,0.68,-0.57,19.9
57,19,-73.8514,-37.4324,0.015,-0.166,19.9
57,20,-73.8514,-37.2973,-0.115,-0.322,18.4
57,21,-73.8514,-37.1622,-0.313,0.27,17.9
57,22,-73.8514,-37.027,-0.303,0.005,9.9
57,23,-73.8514,-36.8919,0.063,0.014,5.4
57,24,-73.8514,-36.7568,0.274,-0.068,21.2
57,25,-73.8514,-36.6216,-0.395,-0.508,14.8
57,26,-73.8514,-36.4865,0.721,-0.155,11.1
57,27,-73.8514,-36.3514,0.482,0.4,7.0
57,28,-73.8514,-36.2162,0.263,0.235,6.3
57,29,-73.8514,-36.0811,0.577,0.293,12.0
57,30,-73.8514,-35.9459,-0.396,0.223,21.1
57,31,-73.8514,-35.8108,0.12,-0.497,23.4
57,32,-73.8514,-35.6757,0.319,-0.373,22.9
57,33,-73.8514,-35.5405,0.577,-0.597,23.4
57,34,-73.8514,-35.4054,0.519,-0.296,23.2
57,35,-73.8514,-35.2703,-0.14,-0.491,15.5
57,36,-73.8514,-35.1351,0.723,-0.127,9.4
57,37,-73.8514,-35.0,-0.338,0.077,21.0
57,38,-73.8514,-34.8649,0.638,0.275,9.3
57,39,-73.8514,-34.7297,0.762,0.149,10.3
57,40,-73.8514,-34.5946,-0.27,0.339,9.7
57,41,-73.8514,-34.4595,0.439,-0.546,15.3
57,42,-73.8514,-34.3243,-0.448,-0.588,11.4
57,43,-73.8514,-34.1892,0.027,0.061,8.1
57,44,-73.8514,-34.0541,0.171,-0.311,14.1
57,45,-73.8514,-33.9189,0.255,-0.346,22.5
57,46,-73.8514,-33.7838,0.717,-0.269,16.4
57,47,-73.8514,-33.6486,0.374,-0.33,22.6
57,48,-73.8514,-33.5135,0.126,-0.089,8.9
57,49,-73.8514,-33.3784,0.553,-0.16,8.3
57,50,-73.8514,-33.2432,0.736,-0.088,16.5
57,51,-73.8514,-33.1081,-0.471,0.073,14.3
57,52,-73.8514,-32.973,0.777,-0.213,18.2
57,53,-73.8514,-32.8378,-0.388,-0.349,20.9
57,54,-73.8514,-32.7027,0.559,-0.434,20.0
57,55,-73.8514,-32.5676,-0.136,-0.251,23.8
57,56,-73.8514,-32.4324,-0.328,0.142,13.0
57,57,-73.8514,-32.2973,0.072,0.157,9.1
57,58,-73.8514,-32.1622,0.337,0.067,16.0
57,59,-73.8514,-32.027,-0.005,-0.366,7.2
57,60,-73.8514,-31.8919,-0.429,-0.012,10.8
57,61,-73.8514,-31.7568,0.279,-0.029,9.2
57,62,-73.8514,-31.6216,0.673,-0.116,12.9
57,63,-73.8514,-31.4865,-0.002,-0.05,7.2
57,64,-73.8514,-31.3514,-0.219,-0.108,5.6
57,65,-73.8514,-31.2162,0.075,-0.035,18.1
57,66,-73.8514,-31.0811,-0.437,0.116,17.2
57,67,-73.8514,-30.9459,0.567,-0.49,19.2
57,68,-73.8514,-30.8108,0.574,0.15,18.2
57,69,-73.8514,-30.6757,0.264,-0.464,7.3
57,70,-73.8514,-30.5405,-0.041,-0.533,10.8
57,71,-73.8514,-30.4054,0.54,0.376,7.6
57,72,-73.8514,-30.2703,0.221,0.357,21.9
57,73,-73.8514,-30.1351,0.574,-0.54,19.9
57,74,-73.8514,-30.0,0.321,-0.157,9.0
58,0,-73.9189,-40.0,0.52,-0.414,11.8
58,1,-73.9189,-39.8649,0.278,-0.115,24.3
58,2,-73.9189,-39.7297,0.038,0.23,16.9
58,3,-73.9189,-39.5946,0.745,0.351,21.0
58,4,-73.9189,-39.4595,0.203,0.034,10.3
58,5,-73.9189,-39.3243,0.287,-0.246,9.2
58,6,-73.9189,-39.1892,-0.213,0.003,20.7
58,7,-73.9189,-39.0541,0.313,-0.288,18.7
58,8,-73.9189,-38.9189,0.243,0.31,18.6
58,9,-73.9189,-38.7838,-0.26,0.27,16.1
58,10,-73.9189,-38.6486,-0.423,-0.042,16.3
58,11,-73.9189,-38.5135,0.286,-0.275,19.7
58,12,-73.9189,-38.3784,0.493,-0.307,10.4
58,13,-73.9189,-38.2432,0.18,-0.567,12.1
58,14,-73.9189,-38.1081,-0.205,0.216,22.4
58,15,-73.9189,-37.973,0.366,-0.15,11.2
58,16,-73.9189,-37.8378,-0.396,-0.275,15.9
58,17,-73.9189,-37.7027,0.074,-0.129,19.1
58,18,-73.9189,-37.5676,-0.288,0.219,25.0
58,19,-73.9189,-37.4324,-0.26,-0.475,13.7
58,20,-73.9189,-37.2973,-0.237,0.258,13.6
58,21,-73.9189,-37.1622,0.003,0.298,21.9
58,22,-73.9189,-37.027,-0.434,0.347,21.1
58,23,-73.9189,-36.8919,0.017,-0.203,19.6
58,24,-73.9189,-36.7568,0.165,-0.383,14.3
58,25,-73.9189,-36.6216,0.128,-0.226,11.5
58,26,-73.9189,-36.4865,-0.002,-0.267,17.2
58,27,-73.9189,-36.3514,0.591,-0.424,22.5
58,28,-73.9189,-36.2162,-0.311,0.007,22.7
58,29,-73.9189,-36.0811,0.157,-0.123,7.2
58,30,-73.9189,-35.9459,-0.419,0.266,13.6
58,31,-73.9189,-35.8108,-0.407,-0.568,14.3
58,32,-73.9189,-35.6757,0.246,0.044,24.6
58,33,-73.9189,-35.5405,0.236,0.163,18.6
58,34,-73.9189,-35.4054,0.641,0.159,13.1
58,35,-73.9189,-35.2703,0.225,0.286,5.5
58,36,-73.9189,-35.1351,0.748,0.129,16.3
58,37,-73.9189,-35.0,-0.437,0.328,6.9
58,38,-73.9189,-34.8649,-0.373,-0.267,21.7
58,39,-73.9189,-34.7297,-0.443,-0.097,20.1
58,40,-73.9189,-34.5946,-0.259,-0.586,14.2
58,41,-73.9189,-34.4595,0.204,-0.593,13.6
58,42,-73.9189,-34.3243,0.339,-0.36,22.9
58,43,-73.9189,-34.1892,-0.441,-0.499,10.8
58,44,-73.9189,-34.0541,0.73,-0.34,10.0
58,45,-73.9189,-33.9189,0.595,-0.423,23.8
58,46,-73.9189,-33.7838,-0.114,-0.571,21.2
58,47,-73.9189,-33.6486,-0.4,0.309,21.4
58,48,-73.9189,-33.5135,-0.279,-0.592,8.9
58,49,-73.9189,-33.3784,-0.335,0.136,7.9
58,50,-73.9189,-33.2432,-0.34,-0.448,5.5
58,51,-73.9189,-33.1081,0.174,0.312,9.7
58,52,-73.9189,-32.973,-0.18,0.293,20.5
58,53,-73.9189,-32.8378,-0.034,0.054,9.8
58,54,-73.9189,-32.7027,0.786,0.072,19.6
58,55,-73.9189,-32.5676,0.39,-0.595,10.0
58,56,-73.9189,-32.4324,0.734,0.385,12.9
58,57,-73.9189,-32.2973,-0.315,0.278,24.7
58,58,-73.9189,-32.1622,-0.003,0.295,9.9
58,59,-73.9189,-32.027,0.221,0.059,12.5
58,60,-73.9189,-31.8919,-0.4,-0.255,11.0
58,61,-73.9189,-31.7568,-0.495,0.294,7.2
58,62,-73.9189,-31.6216,0.372,-0.308,14.8
58,63,-73.9189,-31.4865,0.334,-0.037,12.6
58,64,-73.9189,-31.3514,0.034,-0.5,18.9
58,65,-73.9189,-31.2162,0.137,0.322,21.4
58,66,-73.9189,-31.0811,0.04,-0.459,15.9
58,67,-73.9189,-30.9459,-0.469,-0.375,5.6
58,68,-73.9189,-30.8108,-0.064,-0.042,17.4
58,69,-73.9189,-30.6757,-0.27,0.164,6.1
58,70,-73.9189,-30.5405,-0.372,0.019,17.3
58,71,-73.9189,-30.4054,0.744,-0.368,18.7
58,72,-73.9189,-30.2703,0.279,-0.599,9.0
58,73,-73.9189,-30.1351,0.447,0.157,21.4
58,74,-73.9189,-30.0,-0.09,0.385,23.2
59,0,-73.9865,-40.0,0.011,0.21,21.3
59,1,-73.9865,-39.8649,-0.192,-0.14,11.1
59,2,-73.9865,-39.7297,-0.374,0.304,16.7
59,3,-73.9865,-39.5946,-0.267,-0.19,23.3
59,4,-73.9865,-39.4595,0.537,-0.075,11.4
59,5,-73.9865,-39.3243,0.381,-0.123,21.4
59,6,-73.9865,-39.1892,0.211,-0.152,5.2
59,7,-73.9865,-39.0541,0.118,0.175,5.1
59,8,-73.9865,-38.9189,0.699,-0.073,20.2
59,9,-73.9865,-38.7838,-0.405,-0.283,20.2
59,10,-73.9865,-38.6486,-0.135,-0.342,20.8
59,11,-73.9865,-38.5135,-0.045,-0.562,23.6
59,12,-73.9865,-38.3784,0.517,-0.017,7.4
59,13,-73.9865,-38.2432,0.79,-0.37,9.6
59,14,-73.9865,-38.1081,-0.187,-0.452,23.1
59,15,-73.9865,-37.973,0.637,0.054,8.5
59,16,-73.9865,-37.8378,0.58,0.081,18.6
59,17,-73.9865,-37.7027,-0.208,0.152,15.6
59,18,-73.9865,-37.5676,0.019,-0.096,6.7
59,19,-73.9865,-37.4324,0.033,0.294,10.7
59,20,-73.9865,-37.2973,0.772,0.336,15.4
59,21,-73.9865,-37.1622,-0.265,0.207,22.0
59,22,-73.9865,-37.027,0.539,0.036,19.2
59,23,-73.9865,-36.8919,-0.066,-0.296,17.4
59,24,-73.9865,-36.7568,0.45,0.383,14.9
59,25,-73.9865,-36.6216,0.046,-0.326,11.0
59,26,-73.9865,-36.4865,0.252,-0.397,7.4
59,27,-73.9865,-36.3514,0.582,-0.158,13.2
59,28,-73.9865,-36.2162,0.545,-0.543,5.6
59,29,-73.9865,-36.0811,0.626,0.378,9.2
59,30,-73.9865,-35.9459,-0.422,-0.012,13.6
59,31,-73.9865,-35.8108,0.4,-0.043,13.4
59,32,-73.9865,-35.6757,-0.318,0.056,5.9
59,33,-73.9865,-35.5405,0.041,-0.103,16.8
59,34,-73.9865,-35.4054,0.213,-0.568,16.0
59,35,-73.9865,-35.2703,0.024,0.012,6.6
59,36,-73.9865,-35.1351,0.175,0.116,23.9
59,37,-73.9865,-35.0,0.795,-0.183,7.0
59,38,-73.9865,-34.8649,-0.324,0.157,22.1
59,39,-73.9865,-34.7297,0.378,-0.373,5.0
59,40,-73.9865,-34.5946,0.015,-0.379,22.6
59,41,-73.9865,-34.4595,-0.327,-0.439,5.4
59,42,-73.9865,-34.3243,-0.294,-0.228,20.2
59,43,-73.9865,-34.1892,0.734,0.247,12.2
59,44,-73.9865,-34.0541,0.643,0.228,19.8
59,45,-73.9865,-33.9189,0.679,-0.217,13.0
59,46,-73.9865,-33.7838,0.789,-0.011,6.4
59,47,-73.9865,-33.6486,-0.229,0.121,20.4
59,48,-73.9865,-33.5135,-0.038,-0.359,6.4
59,49,-73.9865,-33.3784,0.37,-0.432,23.4
59,50,-73.9865,-33.2432,0.129,0.372,6.0
59,51,-73.9865,-33.1081,0.044,0.018,14.6
59,52,-73.9865,-32.973,-0.035,0.381,19.5
59,53,-73.9865,-32.8378,0.272,-0.262,12.9
59,54,-73.9865,-32.7027,0.248,0.103,9.3
59,55,-73.9865,-32.5676,-0.29,-0.377,20.2
59,56,-73.9865,-32.4324,0.113,-0.339,20.7
59,57,-73.9865,-32.2973,0.22,-0.088,23.5
59,58,-73.9865,-32.1622,0.241,-0.28,12.5
59,59,-73.9865,-32.027,-0.227,-0.432,15.1
59,60,-73.9865,-31.8919,0.465,-0.337,12.3
59,61,-73.9865,-31.7568,-0.467,-0.564,10.1
59,62,-73.9865,-31.6216,-0.039,0.104,20.0
59,63,-73.9865,-31.4865,0.514,-0.108,11.8
59,64,-73.9865,-31.3514,0.233,-0.506,13.6
59,65,-73.9865,-31.2162,-0.16,-0.428,13.1
59,66,-73.9865,-31.0811,0.403,-0.497,19.3
59,67,-73.9865,-30.9459,0.238,0.013,23.4
59,68,-73.9865,-30.8108,0.535,-0.506,18.3
59,69,-73.9865,-30.6757,0.456,0.154,14.4
59,70,-73.9865,-30.5405,0.293,-0.579,20.6
59,71,-73.9865,-30.4054,0.135,-0.351,17.8
59,72,-73.9865,-30.2703,-0.327,0.291,6.2
59,73,-73.9865,-30.1351,-0.16,0.119,6.9
59,74,-73.9865,-30.0,0.045,-0.527,5.8
60,0,-74.0541,-40.0,0.279,0.221,14.1
60,1,-74.0541,-39.8649,0.168,-0.107,21.5
60,2,-74.0541,-39.7297,-0.125,0.247,11.3
60,3,-74.0541,-39.5946,-0.492,0.001,12.7
60,4,-74.0541,-39.4595,0.145,0.082,23.2
60,5,-74.0541,-39.3243,-0.129,0.394,21.7
60,6,-74.0541,-39.1892,0.455,-0.368,18.3
60,7,-74.0541,-39.0541,-0.469,0.024,10.3
60,8,-74.0541,-38.9189,0.26,-0.14,7.3
60,9,-74.0541,-38.7838,0.724,-0.561,5.3
60,10,-74.0541,-38.6486,-0.273,-0.586,7.1
60,11,-74.0541,-38.5135,0.113,-0.481,10.9
60,12,-74.0541,-38.3784,-0.381,0.049,16.0
60,13,-74.0541,-38.2432,0.313,-0.033,6.3
60,14,-74.0541,-38.1081,0.216,-0.047,7.7
60,15,-74.0541,-37.973,0.03,-0.568,8.6
60,16,-74.0541,-37.8378,0.178,-0.131,17.6
60,17,-74.0541,-37.7027,0.666,0.325,17.3
60,18,-74.0541,-37.5676,-0.245,-0.202,16.0
60,19,-74.0541,-37.4324,-0.471,0.025,10.0
60,20,-74.0541,-37.2973,0.62,0.18,12.4
60,21,-74.0541,-37.1622,0.25,0.184,6.9
60,22,-74.0541,-37.027,0.658,-0.081,9.5
60,23,-74.0541,-36.8919,0.276,0.258,23.0
60,24,-74.0541,-36.7568,0.553,-0.209,24.6
60,25,-74.0541,-36.6216,0.059,0.289,18.0
60,26,-74.0541,-36.4865,0.475,-0.36,23.3
60,27,-74.0541,-36.3514,0.687,-0.32,17.9
60,28,-74.0541,-36.2162,0.244,-0.547,5.7
60,29,-74.0541,-36.0811,-0.265,0.196,24.9
60,30,-74.0541,-35.9459,-0.151,-0.183,7.0
60,31,-74.0541,-35.8108,-0.242,-0.371,18.7
60,32,-74.0541,-35.6757,-0.179,-0.368,10.1
60,33,-74.0541,-35.5405,-0.102,0.301,12.8
60,34,-74.0541,-35.4054,0.222,0.234,17.9
60,35,-74.0541,-35.2703,0.264,-0.046,13.7
60,36,-74.0541,-35.1351,0.054,0.016,10.0
60,37,-74.0541,-35.0,0.3,-0.126,11.7
60,38,-74.0541,-34.8649,-0.394,-0.208,11.8
60,39,-74.0541,-34.7297,-0.386,0.315,24.2
60,40,-74.0541,-34.5946,-0.277,-0.474,21.0
60,41,-74.0541,-34.4595,0.174,-0.182,14.2
60,42,-74.0541,-34.3243,-0.222,-0.255,9.0
60,43,-74.0541,-34.1892,-0.132,-0.102,21.2
60,44,-74.0541,-34.0541,0.02,-0.142,8.1
60,45,-74.0541,-33.9189,0.555,-0.081,9.2
60,46,-74.0541,-33.7838,-0.482,-0.46,12.3
60,47,-74.0541,-33.6486,0.344,-0.087,22.6
60,48,-74.0541,-33.5135,0.37,-0.358,7.6
60,49,-74.0541,-33.3784,0.538,-0.416,7.4
60,50,-74.0541,-33.2432,0.713,-0.535,14.9
60,51,-74.0541,-33.1081,-0.474,0.163,10.5
60,52,-74.0541,-32.973,-0.3,-0.173,16.4
60,53,-74.0541,-32.8378,0.652,0.027,14.0
60,54,-74.0541,-32.7027,0.096,0.128,13.7
60,55,-74.0541,-32.5676,0.234,0.079,7.2
60,56,-74.0541,-32.4324,0.362,-0.129,7.8
60,57,-74.0541,-32.2973,0.383,-0.212,21.4
60,58,-74.0541,-32.1622,0.711,-0.224,22.7
60,59,-74.0541,-32.027,0.796,0.04,9.7
60,60,-74.0541,-31.8919,0.436,-0.105,7.3
60,61,-74.0541,-31.7568,-0.127,0.249,6.1
60,62,-74.0541,-31.6216,0.644,0.275,17.2
60,63,-74.0541,-31.4865,-0.436,-0.429,19.3
60,64,-74.0541,-31.3514,-0.2,-0.464,12.5
60,65,-74.0541,-31.2162,0.667,0.03,18.6
60,66,-74.0541,-31.0811,-0.167,-0.299,19.3
60,67,-74.0541,-30.9459,-0.213,-0.581,23.7
60,68,-74.0541,-30.8108,-0.32,0.289,6.3
60,69,-74.0541,-30.6757,0.617,-0.373,8.8
60,70,-74.0541,-30.5405,0.15,0.329,6.4
60,71,-74.0541,-30.4054,0.377,0.117,22.4
60,72,-74.0541,-30.2703,-0.189,0.163,20.9
60,73,-74.0541,-30.1351,0.485,-0.399,16.5
60,74,-74.0541,-30.0,0.488,-0.366,6.7
61,0,-74.1216,-40.0,-0.094,-0.079,10.5
61,1,-74.1216,-39.8649,0.034,-0.428,11.0
61,2,-74.1216,-39.7297,-0.227,-0.295,16.2
61,3,-74.1216,-39.5946,0.77,-0.279,10.2
61,4,-74.1216,-39.4595,0.339,-0.44,6.5
61,5,-74.1216,-39.3243,0.715,-0.395,19.6
61,6,-74.1216,-39.1892,-0.106,0.189,11.0
61,7,-74.1216,-39.0541,0.516,-0.433,14.0
61,8,-74.1216,-38.9189,0.496,-0.572,7.6
61,9,-74.1216,-38.7838,0.399,0.029,21.1
61,10,-74.1216,-38.6486,0.755,0.376,16.3
61,11,-74.1216,-38.5135,0.012,-0.269,23.0
61,12,-74.1216,-38.3784,-0.33,-0.481,14.9
61,13,-74.1216,-38.2432,0.373,-0.03,23.8
61,14,-74.1216,-38.1081,0.448,0.306,22.8
61,15,-74.1216,-37.973,0.248,0.184,16.5
61,16,-74.1216,-37.8378,-0.231,0.023,23.7
61,17,-74.1216,-37.7027,0.156,-0.285,11.5
61,18,-74.1216,-37.5676,-0.094,-0.058,12.3
61,19,-74.1216,-37.4324,0.056,-0.509,5.9
61,20,-74.1216,-37.2973,0.339,0.079,16.8
61,21,-74.1216,-37.1622,0.469,0.125,19.4
61,22,-74.1216,-37.027,-0.198,0.365,20.5
61,23,-74.1216,-36.8919,0.027,-0.34,8.0
61,24,-74.1216,-36.7568,-0.15,-0.582,13.9
61,25,-74.1216,-36.6216,-0.242,-0.054,8.5
61,26,-74.1216,-36.4865,0.518,0.107,18.2
61,27,-74.1216,-36.3514,0.682,0.19,8.2
61,28,-74.1216,-36.2162,-0.019,-0.406,23.1
61,29,-74.1216,-36.0811,0.477,-0.338,9.6
61,30,-74.1216,-35.9459,0.666,-0.087,10.8
61,31,-74.1216,-35.8108,0.6,-0.269,22.0
61,32,-74.1216,-35.6757,-0.262,0.261,14.2
61,33,-74.1216,-35.5405,0.743,-0.126,5.5
61,34,-74.1216,-35.4054,-0.01,0.2,14.9
61,35,-74.1216,-35.2703,-0.059,-0.019,6.7
61,36,-74.1216,-35.1351,-0.419,0.173,24.7
61,37,-74.1216,-35.0,0.132,-0.267,16.8
61,38,-74.1216,-34.8649,-0.358,0.231,10.1
61,39,-74.1216,-34.7297,-0.177,-0.325,16.3
61,40,-74.1216,-34.5946,-0.088,-0.054,6.5
61,41,-74.1216,-34.4595,0.551,-0.386,21.0
61,42,-74.1216,-34.3243,0.638,-0.124,23.5
61,43,-74.1216,-34.1892,-0.107,-0.282,22.5
61,44,-74.1216,-34.0541,0.616,-0.333,11.8
61,45,-74.1216,-33.9189,0.614,0.367,11.5
61,46,-74.1216,-33.7838,0.494,-0.44,5.7
61,47,-74.1216,-33.6486,-0.309,0.187,18.0
61,48,-74.1216,-33.5135,0.397,0.384,15.7
61,49,-74.1216,-33.3784,0.729,-0.58,14.2
61,50,-74.1216,-33.2432,0.387,0.099,23.2
61,51,-74.1216,-33.1081,-0.069,-0.347,8.4
61,52,-74.1216,-32.973,0.151,-0.56,5.2
61,53,-74.1216,-32.8378,0.339,-0.197,6.5
61,54,-74.1216,-32.7027,0.164,0.335,9.5
61,55,-74.1216,-32.5676,-0.344,-0.588,5.7
61,56,-74.1216,-32.4324,-0.094,-0.012,15.1
61,57,-74.1216,-32.2973,0.543,-0.099,11.3
61,58,-74.1216,-32.1622,0.62,0.273,8.6
61,59,-74.1216,-32.027,-0.322,-0.516,20.0
61,60,-74.1216,-31.8919,0.738,0.082,9.1
61,61,-74.1216,-31.7568,-0.073,0.08,18.8
61,62,-74.1216,-31.6216,0.361,0.069,12.0
61,63,-74.1216,-31.4865,0.477,0.342,15.2
61,64,-74.1216,-31.3514,0.556,0.223,23.7
61,65,-74.1216,-31.2162,0.729,-0.558,5.7
61,66,-74.1216,-31.0811,-0.093,-0.129,15.0
61,67,-74.1216,-30.9459,0.616,-0.202,22.1
61,68,-74.1216,-30.8108,-0.329,-0.29,16.8
61,69,-74.1216,-30.6757,0.417,-0.149,10.5
61,70,-74.1216,-30.5405,0.465,-0.216,13.0
61,71,-74.1216,-30.4054,0.381,-0.168,18.6
61,72,-74.1216,-30.2703,-0.172,0.379,22.8
61,73,-74.1216,-30.1351,0.635,-0.511,5.8
61,74,-74.1216,-30.0,-0.28,0.322,6.4
62,0,-74.1892,-40.0,-0.43,-0.12,11.5
62,1,-74.1892,-39.8649,0.433,0.024,9.7
62,2,-74.1892,-39.7297,0.118,0.23,10.3
62,3,-74.1892,-39.5946,0.604,-0.24,9.4
62,4,-74.1892,-39.4595,-0.002,-0.17,8.9
62,5,-74.1892,-39.3243,-0.281,-0.19,7.6
62,6,-74.1892,-39.1892,0.587,-0.225,23.7
62,7,-74.1892,-39.0541,0.214,0.326,7.9
62,8,-74.1892,-38.9189,-0.254,0.229,9.1
62,9,-74.1892,-38.7838,0.436,-0.491,9.9
62,10,-74.1892,-38.6486,0.164,-0.492,23.7
62,11,-74.1892,-38.5135,0.286,-0.172,20.1
62,12,-74.1892,-38.3784,0.099,-0.501,20.8
62,13,-74.1892,-38.2432,0.577,0.019,7.1
62,14,-74.1892,-38.1081,0.578,-0.456,21.7
62,15,-74.1892,-37.973,0.422,-0.078,13.2
62,16,-74.1892,-37.8378,-0.363,-0.593,10.3
62,17,-74.1892,-37.7027,0.591,-0.283,16.5
62,18,-74.1892,-37.5676,0.372,0.077,21.4
62,19,-74.1892,-37.4324,0.406,-0.116,20.6
62,20,-74.1892,-37.2973,-0.028,0.378,22.8
62,21,-74.1892,-37.1622,0.643,0.274,23.6
62,22,-74.1892,-37.027,0.443,-0.241,9.8
62,23,-74.1892,-36.8919,-0.354,-0.555,13.5
62,24,-74.1892,-36.7568,0.03,0.246,5.3
62,25,-74.1892,-36.6216,0.652,0.311,22.6
62,26,-74.1892,-36.4865,-0.439,0.221,8.1
62,27,-74.1892,-36.3514,0.75,-0.472,22.2
62,28,-74.1892,-36.2162,0.383,0.398,11.6
62,29,-74.1892,-36.0811,0.321,-0.341,12.4
62,30,-74.1892,-35.9459,-0.148,0.124,5.8
62,31,-74.1892,-35.8108,-0.177,0.308,11.5
62,32,-74.1892,-35.6757,0.725,-0.364,22.8
62,33,-74.1892,-35.5405,-0.112,0.308,5.5
62,34,-74.1892,-35.4054,0.508,-0.291,13.1
62,35,-74.1892,-35.2703,0.011,0.376,5.6
62,36,-74.1892,-35.1351,-0.319,-0.319,12.4
62,37,-74.1892,-35.0,-0.486,0.353,8.5
62,38,-74.1892,-34.8649,0.208,-0.546,10.0
62,39,-74.1892,-34.7297,0.769,0.109,22.6
62,40,-74.1892,-34.5946,-0.02,-0.068,13.7
62,41,-74.1892,-34.4595,-0.036,-0.122,10.5
62,42,-74.1892,-34.3243,-0.053,-0.377,16.8
62,43,-74.1892,-34.1892,0.177,0.106,7.8
62,44,-74.1892,-34.0541,0.073,-0.409,10.2
62,45,-74.1892,-33.9189,0.644,-0.047,15.9
62,46,-74.1892,-33.7838,0.157,-0.347,9.8
62,47,-74.1892,-33.6486,0.16,0.356,18.6
62,48,-74.1892,-33.5135,-0.32,-0.571,14.8
62,49,-74.1892,-33.3784,0.778,-0.4,20.4
62,50,-74.1892,-33.2432,-0.175,-0.358,24.0
62,51,-74.1892,-33.1081,-0.405,-0.186,7.3
62,52,-74.1892,-32.973,0.362,-0.367,11.7
62,53,-74.1892,-32.8378,0.274,-0.109,11.4
62,54,-74.1892,-32.7027,0.04,0.272,8.0
62,55,-74.1892,-32.5676,0.049,0.112,21.2
62,56,-74.1892,-32.4324,0.521,-0.02,20.2
62,57,-74.1892,-32.2973,-0.246,-0.511,14.7
62,58,-74.1892,-32.1622,0.566,0.094,15.8
62,59,-74.1892,-32.027,0.343,-0.434,6.2
62,60,-74.1892,-31.8919,0.045,0.186,16.1
62,61,-74.1892,-31.7568,0.095,-0.35,20.8
62,62,-74.1892,-31.6216,-0.166,-0.183,16.5
62,63,-74.1892,-31.4865,0.478,-0.25,10.3
62,64,-74.1892,-31.3514,0.167,0.259,18.4
62,65,-74.1892,-31.2162,-0.083,-0.473,12.2
62,66,-74.1892,-31.0811,0.275,-0.034,15.9
62,67,-74.1892,-30.9459,0.794,-0.458,14.8
62,68,-74.1892,-30.8108,0.066,0.105,12.6
62,69,-74.1892,-30.6757,0.697,0.305,19.4
62,70,-74.1892,-30.5405,-0.051,-0.165,22.7
62,71,-74.1892,-30.4054,-0.429,-0.112,5.1
62,72,-74.1892,-30.2703,-0.234,0.327,23.7
62,73,-74.1892,-30.1351,0.044,-0.079,15.2
62,74,-74.1892,-30.0,-0.214,-0.112,19.0
63,0,-74.2568,-40.0,-0.5,-0.022,22.1
63,1,-74.2568,-39.8649,0.69,0.089,14.3
63,2,-74.2568,-39.7297,0.597,-0.493,21.7
63,3,-74.2568,-39.5946,0.465,0.221,8.6
63,4,-74.2568,-39.4595,-0.282,-0.164,8.2
63,5,-74.2568,-39.3243,-0.344,-0.528,18.1
63,6,-74.2568,-39.1892,-0.412,0.186,22.4
63,7,-74.2568,-39.0541,0.441,-0.223,22.8
63,8,-74.2568,-38.9189,0.707,-0.5,17.9
63,9,-74.2568,-38.7838,0.06,0.034,15.5
63,10,-74.2568,-38.6486,-0.345,0.28,11.6
63,11,-74.2568,-38.5135,0.166,0.288,24.6
63,12,-74.2568,-38.3784,-0.047,0.358,11.4
63,13,-74.2568,-38.2432,-0.013,0.268,19.9
63,14,-74.2568,-38.1081,0.308,-0.598,15.6
63,15,-74.2568,-37.973,0.434,-0.22,17.2
63,16,-74.2568,-37.8378,-0.356,0.219,12.9
63,17,-74.2568,-37.7027,-0.454,-0.234,24.3
63,18,-74.2568,-37.5676,0.793,0.002,16.4
63,19,-74.2568,-37.4324,-0.197,0.006,23.8
63,20,-74.2568,-37.2973,-0.43,-0.235,5.2
63,21,-74.2568,-37.1622,-0.253,0.304,16.5
63,22,-74.2568,-37.027,-0.449,-0.097,19.3
63,23,-74.2568,-36.8919,0.009,-0.135,19.9
63,24,-74.2568,-36.7568,0.543,0.398,23.1
63,25,-74.2568,-36.6216,-0.056,-0.106,5.1
63,26,-74.2568,-36.4865,0.077,-0.422,5.0
63,27,-74.2568,-36.3514,0.378,-0.087,14.4
63,28,-74.2568,-36.2162,0.162,0.214,5.6
63,29,-74.2568,-36.0811,0.62,0.177,24.5
63,30,-74.2568,-35.9459,0.626,0.189,9.4
63,31,-74.2568,-35.8108,-0.487,0.108,14.5
63,32,-74.2568,-35.6757,0.511,-0.346,6.2
63,33,-74.2568,-35.5405,0.099,0.262,15.4
63,34,-74.2568,-35.4054,0.785,0.293,12.6
63,35,-74.2568,-35.2703,0.128,-0.406,5.9
63,36,-74.2568,-35.1351,0.783,-0.47,11.7
63,37,-74.2568,-35.0,0.481,0.376,12.8
63,38,-74.2568,-34.8649,-0.177,0.268,24.8
63,39,-74.2568,-34.7297,0.2,0.293,9.2
63,40,-74.2568,-34.5946,0.79,0.286,15.9
63,41,-74.2568,-34.4595,0.615,-0.058,24.7
63,42,-74.2568,-34.3243,-0.373,0.046,20.8
63,43,-74.2568,-34.1892,0.418,-0.055,24.9
63,44,-74.2568,-34.0541,-0.051,-0.549,24.4
63,45,-74.2568,-33.9189,-0.491,0.146,14.8
63,46,-74.2568,-33.7838,0.025,-0.095,18.9
63,47,-74.2568,-33.6486,-0.195,0.048,7.2
63,48,-74.2568,-33.5135,0.565,-0.097,13.8
63,49,-74.2568,-33.3784,-0.061,-0.108,21.2
63,50,-74.2568,-33.2432,0.576,-0.428,15.1
63,51,-74.2568,-33.1081,-0.499,-0.321,19.1
63,52,-74.2568,-32.973,-0.1,-0.441,19.9
63,53,-74.2568,-32.8378,-0.186,-0.404,10.1
63,54,-74.2568,-32.7027,-0.196,0.373,22.5
63,55,-74.2568,-32.5676,-0.411,-0.447,14.2
63,56,-74.2568,-32.4324,-0.257,-0.331,9.2
63,57,-74.2568,-32.2973,0.222,-0.009,22.3
63,58,-74.2568,-32.1622,-0.121,0.01,13.4
63,59,-74.2568,-32.027,0.043,-0.446,20.0
63,60,-74.2568,-31.8919,-0.01,0.194,16.0
63,61,-74.2568,-31.7568,0.639,0.185,12.6
63,62,-74.2568,-31.6216,0.677,-0.363,21.2
63,63,-74.2568,-31.4865,0.141,-0.311,16.7
63,64,-74.2568,-31.3514,-0.071,0.338,12.8
63,65,-74.2568,-31.2162,-0.361,0.226,7.2
63,66,-74.2568,-31.0811,0.739,0.098,22.9
63,67,-74.2568,-30.9459,-0.422,-0.518,5.7
63,68,-74.2568,-30.8108,-0.113,-0.182,22.3
63,69,-74.2568,-30.6757,-0.113,-0.041,12.2
63,70,-74.2568,-30.5405,-0.083,-0.413,17.8
63,71,-74.2568,-30.4054,-0.286,-0.152,23.4
63,72,-74.2568,-30.2703,0.518,0.001,8.0
63,73,-74.2568,-30.1351,-0.341,-0.273,16.3
63,74,-74.2568,-30.0,0.325,0.181,20.3
64,0,-74.3243,-40.0,-0.339,0.24,20.2
64,1,-74.3243,-39.8649,-0.408,-0.276,15.5
64,2,-74.3243,-39.7297,0.682,0.239,17.5
64,3,-74.3243,-39.5946,-0.253,-0.496,20.2
64,4,-74.3243,-39.4595,0.568,0.238,21.8
64,5,-74.3243,-39.3243,0.208,-0.447,20.2
64,6,-74.3243,-39.1892,-0.399,-0.517,12.1
64,7,-74.3243,-39.0541,0.742,0.042,24.9
64,8,-74.3243,-38.9189,-0.179,-0.128,13.7
64,9,-74.3243,-38.7838,0.618,0.308,5.5
64,10,-74.3243,-38.6486,-0.281,-0.237,12.3
64,11,-74.3243,-38.5135,0.61,-0.313,7.6
64,12,-74.3243,-38.3784,-0.483,-0.099,7.4
64,13,-74.3243,-38.2432,0.165,-0.144,10.6
64,14,-74.3243,-38.1081,0.5,-0.256,6.1
64,15,-74.3243,-37.973,0.715,0.094,18.8
64,16,-74.3243,-37.8378,0.682,0.16,6.5
64,17,-74.3243,-37.7027,0.566,0.253,9.1
64,18,-74.3243,-37.5676,0.655,0.373,6.9
64,19,-74.3243,-37.4324,-0.241,-0.333,6.3
64,20,-74.3243,-37.2973,-0.131,0.116,10.4
64,21,-74.3243,-37.1622,-0.124,-0.206,16.4
64,22,-74.3243,-37.027,-0.01,0.077,24.3
64,23,-74.3243,-36.8919,0.011,-0.124,22.5
64,24,-74.3243,-36.7568,0.208,0.394,22.5
64,25,-74.3243,-36.6216,-0.292,0.129,8.5
64,26,-74.3243,-36.4865,0.399,0.352,10.3
64,27,-74.3243,-36.3514,-0.282,0.235,6.5
64,28,-74.3243,-36.2162,-0.097,0.303,20.6
64,29,-74.3243,-36.0811,0.154,0.214,6.4
64,30,-74.3243,-35.9459,0.535,-0.141,16.1
64,31,-74.3243,-35.8108,0.461,-0.348,10.0
64,32,-74.3243,-35.6757,0.339,-0.23,9.9
64,33,-74.3243,-35.5405,-0.297,-0.58,24.8
64,34,-74.3243,-35.4054,0.211,-0.076,20.1
64,35,-74.3243,-35.2703,-0.386,-0.095,21.7
64,36,-74.3243,-35.1351,-0.009,-0.075,16.4
64,37,-74.3243,-35.0,0.038,0.374,22.4
64,38,-74.3243,-34.8649,-0.448,0.311,17.9
64,39,-74.3243,-34.7297,-0.144,-0.438,23.9
64,40,-74.3243,-34.5946,0.742,-0.231,10.6
64,41,-74.3243,-34.4595,0.74,-0.176,16.9
64,42,-74.3243,-34.3243,-0.042,-0.239,18.8
64,43,-74.3243,-34.1892,-0.444,0.198,12.9
64,44,-74.3243,-34.0541,-0.267,-0.076,22.6
64,45,-74.3243,-33.9189,0.01,-0.028,24.6
64,46,-74.3243,-33.7838,0.732,0.253,14.9
64,47,-74.3243,-33.6486,-0.316,0.206,12.8
64,48,-74.3243,-33.5135,0.493,-0.468,14.4
64,49,-74.3243,-33.3784,-0.359,0.114,22.1
64,50,-74.3243,-33.2432,0.776,-0.165,17.9
64,51,-74.3243,-33.1081,-0.004,-0.305,5.9
64,52,-74.3243,-32.973,0.508,-0.55,15.8
64,53,-74.3243,-32.8378,-0.055,-0.113,5.3
64,54,-74.3243,-32.7027,0.316,-0.245,20.6
64,55,-74.3243,-32.5676,-0.25,-0.348,11.6
64,56,-74.3243,-32.4324,-0.31,0.095,14.4
64,57,-74.3243,-32.2973,0.719,0.169,21.0
64,58,-74.3243,-32.1622,0.693,-0.355,5.9
64,59,-74.3243,-32.027,0.654,-0.551,8.2
64,60,-74.3243,-31.8919,0.313,0.249,13.0
64,61,-74.3243,-31.7568,0.551,-0.59,9.6
64,62,-74.3243,-31.6216,-0.41,0.337,11.8
64,63,-74.3243,-31.4865,-0.065,0.028,25.0
64,64,-74.3243,-31.3514,-0.092,-0.278,21.5
64,65,-74.3243,-31.2162,0.326,-0.354,22.7
64,66,-74.3243,-31.0811,-0.037,-0.591,23.7
64,67,-74.3243,-30.9459,-0.307,-0.365,11.8
64,68,-74.3243,-30.8108,0.275,-0.462,10.9
64,69,-74.3243,-30.6757,0.559,0.012,9.7
64,70,-74.3243,-30.5405,-0.003,-0.433,21.6
64,71,-74.3243,-30.4054,-0.328,-0.071,18.6
64,72,-74.3243,-30.2703,-0.244,-0.01,9.7
64,73,-74.3243,-30.1351,-0.191,-0.302,12.5
64,74,-74.3243,-30.0,-0.11,-0.565,15.1
65,0,-74.3919,-40.0,0.336,-0.563,15.6
65,1,-74.3919,-39.8649,0.281,-0.574,22.8
65,2,-74.3919,-39.7297,0.405,0.139,12.6
65,3,-74.3919,-39.5946,-0.029,-0.282,23.2
65,4,-74.3919,-39.4595,0.571,0.196,13.8
65,5,-74.3919,-39.3243,-0.235,-0.168,19.9
65,6,-74.3919,-39.1892,0.11,-0.147,23.6
65,7,-74.3919,-39.0541,0.541,-0.087,23.2
65,8,-74.3919,-38.9189,-0.266,0.113,6.1
65,9,-74.3919,-38.7838,-0.357,-0.326,9.1
65,10,-74.3919,-38.6486,0.649,-0.478,14.5
65,11,-74.3919,-38.5135,-0.054,-0.044,13.6
65,12,-74.3919,-38.3784,0.389,-0.273,17.8
65,13,-74.3919,-38.2432,-0.467,-0.158,23.9
65,14,-74.3919,-38.1081,0.397,0.047,7.2
65,15,-74.3919,-37.973,-0.089,-0.106,14.0
65,16,-74.3919,-37.8378,-0.428,0.02,8.8
65,17,-74.3919,-37.7027,0.293,-0.056,22.9
65,18,-74.3919,-37.5676,-0.187,0.14,24.3
65,19,-74.3919,-37.4324,0.003,0.106,14.6
65,20,-74.3919,-37.2973,-0.395,-0.066,7.1
65,21,-74.3919,-37.1622,-0.309,0.079,20.7
65,22,-74.3919,-37.027,-0.113,0.274,18.9
65,23,-74.3919,-36.8919,-0.383,-0.168,12.1
65,24,-74.3919,-36.7568,0.684,-0.187,22.7
65,25,-74.3919,-36.6216,-0.492,0.164,24.5
65,26,-74.3919,-36.4865,0.129,-0.017,16.2
65,27,-74.3919,-36.3514,-0.34,-0.529,16.3
65,28,-74.3919,-36.2162,-0.1,0.292,11.0
65,29,-74.3919,-36.0811,0.704,-0.569,16.7
65,30,-74.3919,-35.9459,-0.29,0.148,13.8
65,31,-74.3919,-35.8108,0.756,0.159,11.0
65,32,-74.3919,-35.6757,-0.232,0.353,6.3
65,33,-74.3919,-35.5405,0.464,-0.546,10.1
65,34,-74.3919,-35.4054,0.211,-0.003,9.0
65,35,-74.3919,-35.2703,0.65,-0.172,15.8
65,36,-74.3919,-35.1351,0.22,-0.269,17.0
65,37,-74.3919,-35.0,0.195,-0.51,17.2
65,38,-74.3919,-34.8649,-0.246,-0.037,12.8
65,39,-74.3919,-34.7297,-0.284,-0.121,13.4
65,40,-74.3919,-34.5946,0.691,-0.495,21.7
65,41,-74.3919,-34.4595,-0.074,0.012,14.5
65,42,-74.3919,-34.3243,-0.016,0.138,24.8
65,43,-74.3919,-34.1892,0.488,0.167,13.8
65,44,-74.3919,-34.0541,-0.06,0.305,18.0
65,45,-74.3919,-33.9189,0.738,-0.191,6.0
65,46,-74.3919,-33.7838,0.459,0.353,18.1
65,47,-74.3919,-33.6486,0.277,0.265,22.0
65,48,-74.3919,-33.5135,0.645,-0.303,23.8
65,49,-74.3919,-33.3784,-0.436,-0.441,24.9
65,50,-74.3919,-33.2432,-0.166,-0.165,10.6
65,51,-74.3919,-33.1081,0.105,-0.198,16.5
65,52,-74.3919,-32.973,-0.205,-0.024,14.0
65,53,-74.3919,-32.8378,0.467,-0.017,16.3
65,54,-74.3919,-32.7027,0.695,0.15,8.1
65,55,-74.3919,-32.5676,0.051,-0.09,22.1
65,56,-74.3919,-32.4324,-0.055,-0.495,23.2
65,57,-74.3919,-32.2973,0.75,0.258,14.0
65,58,-74.3919,-32.1622,0.078,-0.29,10.6
65,59,-74.3919,-32.027,0.136,0.371,7.8
65,60,-74.3919,-31.8919,-0.043,-0.482,18.7
65,61,-74.3919,-31.7568,0.682,0.358,11.2
65,62,-74.3919,-31.6216,0.24,-0.509,23.2
65,63,-74.3919,-31.4865,0.491,-0.369,18.4
65,64,-74.3919,-31.3514,0.555,-0.553,17.9
65,65,-74.3919,-31.2162,-0.056,0.105,16.2
65,66,-74.3919,-31.0811,0.064,0.25,5.9
65,67,-74.3919,-30.9459,0.603,-0.166,23.6
65,68,-74.3919,-30.8108,-0.028,0.329,17.6
65,69,-74.3919,-30.6757,0.532,-0.01,24.9
65,70,-74.3919,-30.5405,0.723,0.03,15.7
65,71,-74.3919,-30.4054,0.31,0.245,19.2
65,72,-74.3919,-30.2703,0.464,-0.303,6.1
65,73,-74.3919,-30.1351,0.547,-0.246,17.6
65,74,-74.3919,-30.0,0.599,0.306,20.3
66,0,-74.4595,-40.0,0.014,0.301,20.6
66,1,-74.4595,-39.8649,-0.433,0.376,20.4
66,2,-74.4595,-39.7297,0.022,0.302,9.5
66,3,-74.4595,-39.5946,0.376,-0.473,24.5
66,4,-74.4595,-39.4595,0.085,0.224,24.9
66,5,-74.4595,-39.3243,0.474,-0.19,6.5
66,6,-74.4595,-39.1892,-0.036,0.391,23.7
66,7,-74.4595,-39.0541,0.325,-0.128,10.8
66,8,-74.4595,-38.9189,-0.258,-0.046,18.8
66,9,-74.4595,-38.7838,0.474,-0.07,11.8
66,10,-74.4595,-38.6486,0.209,-0.278,24.4
66,11,-74.4595,-38.5135,-0.235,-0.525,7.0
66,12,-74.4595,-38.3784,-0.121,0.296,15.0
66,13,-74.4595,-38.2432,0.473,0.203,13.6
66,14,-74.4595,-38.1081,0.127,-0.46,11.5
66,15,-74.4595,-37.973,-0.219,0.177,17.9
66,16,-74.4595,-37.8378,0.757,0.026,7.6
66,17,-74.4595,-37.7027,0.43,-0.191,19.3
66,18,-74.4595,-37.5676,0.744,-0.346,24.6
66,19,-74.4595,-37.4324,0.055,0.26,21.1
66,20,-74.4595,-37.2973,0.118,0.1,22.2
66,21,-74.4595,-37.1622,0.667,-0.052,12.2
66,22,-74.4595,-37.027,0.183,0.01,11.5
66,23,-74.4595,-36.8919,0.419,-0.509,15.3
66,24,-74.4595,-36.7568,-0.172,-0.126,5.9
66,25,-74.4595,-36.6216,0.081,-0.406,23.9
66,26,-74.4595,-36.4865,-0.34,-0.392,7.9
66,27,-74.4595,-36.3514,-0.232,0.061,23.1
66,28,-74.4595,-36.2162,-0.499,0.311,6.7
66,29,-74.4595,-36.0811,-0.449,-0.196,21.5
66,30,-74.4595,-35.9459,0.77,-0.392,8.0
66,31,-74.4595,-35.8108,-0.185,0.049,5.8
66,32,-74.4595,-35.6757,0.362,0.271,19.4
66,33,-74.4595,-35.5405,0.591,0.148,10.6
66,34,-74.4595,-35.4054,0.216,0.269,19.3
66,35,-74.4595,-35.2703,-0.301,-0.063,16.1
66,36,-74.4595,-35.1351,0.447,0.152,7.2
66,37,-74.4595,-35.0,0.28,-0.46,23.6
66,38,-74.4595,-34.8649,0.451,-0.252,14.0
66,39,-74.4595,-34.7297,0.501,-0.21,19.7
66,40,-74.4595,-34.5946,0.768,-0.089,15.0
66,41,-74.4595,-34.4595,0.246,0.329,17.1
66,42,-74.4595,-34.3243,-0.056,0.274,11.1
66,43,-74.4595,-34.1892,0.343,-0.465,9.0
66,44,-74.4595,-34.0541,-0.411,-0.427,15.9
66,45,-74.4595,-33.9189,0.667,-0.242,13.8
66,46,-74.4595,-33.7838,-0.345,-0.309,12.8
66,47,-74.4595,-33.6486,-0.074,0.015,18.5
66,48,-74.4595,-33.5135,0.56,0.303,18.8
66,49,-74.4595,-33.3784,0.277,0.362,5.9
66,50,-74.4595,-33.2432,0.012,0.054,11.8
66,51,-74.4595,-33.1081,0.115,0.238,13.2
66,52,-74.4595,-32.973,0.611,-0.075,6.9
66,53,-74.4595,-32.8378,-0.058,-0.392,9.7
66,54,-74.4595,-32.7027,0.631,-0.075,6.0
66,55,-74.4595,-32.5676,-0.385,-0.045,24.9
66,56,-74.4595,-32.4324,0.51,0.142,19.7
66,57,-74.4595,-32.2973,0.602,-0.38,6.7
66,58,-74.4595,-32.1622,-0.264,-0.232,5.4
66,59,-74.4595,-32.027,0.059,-0.236,19.4
66,60,-74.4595,-31.8919,-0.285,0.359,13.8
66,61,-74.4595,-31.7568,0.419,-0.156,20.7
66,62,-74.4595,-31.6216,0.196,0.155,23.5
66,63,-74.4595,-31.4865,0.326,0.151,17.0
66,64,-74.4595,-31.3514,-0.245,-0.334,8.7
66,65,-74.4595,-31.2162,-0.225,-0.028,20.6
66,66,-74.4595,-31.0811,-0.446,0.294,24.1
66,67,-74.4595,-30.9459,-0.081,-0.125,16.6
66,68,-74.4595,-30.8108,0.228,0.345,18.6
66,69,-74.4595,-30.6757,0.615,-0.386,11.7
66,70,-74.4595,-30.5405,0.367,-0.526,12.6
66,71,-74.4595,-30.4054,0.066,0.291,19.7
66,72,-74.4595,-30.2703,0.739,0.248,23.6
66,73,-74.4595,-30.1351,0.435,0.393,17.6
66,74,-74.4595,-30.0,0.709,0.079,20.8
67,0,-74.527,-40.0,0.186,0.337,8.4
67,1,-74.527,-39.8649,-0.163,0.227,9.2
67,2,-74.527,-39.7297,-0.431,0.244,15.6
67,3,-74.527,-39.5946,0.444,-0.031,8.5
67,4,-74.527,-39.4595,-0.342,-0.218,17.7
67,5,-74.527,-39.3243,-0.106,0.335,10.8
67,6,-74.527,-39.1892,0.192,-0.168,20.8
67,7,-74.527,-39.0541,0.234,-0.061,21.2
67,8,-74.527,-38.9189,0.281,-0.154,14.3
67,9,-74.527,-38.7838,-0.284,-0.035,8.6
67,10,-74.527,-38.6486,-0.006,-0.129,17.9
67,11,-74.527,-38.5135,0.302,-0.552,24.9
67,12,-74.527,-38.3784,0.761,0.282,17.5
67,13,-74.527,-38.2432,0.446,-0.156,5.7
67,14,-74.527,-38.1081,0.699,-0.011,5.3
67,15,-74.527,-37.973,0.491,-0.461,11.4
67,16,-74.527,-37.8378,0.269,-0.597,8.9
67,17,-74.527,-37.7027,-0.25,-0.355,21.3
67,18,-74.527,-37.5676,0.367,0.105,21.9
67,19,-74.527,-37.4324,0.31,-0.501,10.2
67,20,-74.527,-37.2973,0.283,0.309,11.5
67,21,-74.527,-37.1622,0.137,-0.385,9.7
67,22,-74.527,-37.027,0.187,-0.395,23.2
67,23,-74.527,-36.8919,-0.065,-0.418,15.1
67,24,-74.527,-36.7568,0.175,-0.586,18.1
67,25,-74.527,-36.6216,-0.243,0.172,13.3
67,26,-74.527,-36.4865,0.547,0.275,17.6
67,27,-74.527,-36.3514,-0.258,0.014,12.7
67,28,-74.527,-36.2162,-0.39,-0.412,11.8
67,29,-74.527,-36.0811,0.067,-0.315,17.7
67,30,-74.527,-35.9459,0.356,-0.124,16.8
67,31,-74.527,-35.8108,0.069,0.354,10.9
67,32,-74.527,-35.6757,-0.14,-0.353,8.0
67,33,-74.527,-35.5405,0.226,0.132,12.4
67,34,-74.527,-35.4054,-0.049,-0.161,13.3
67,35,-74.527,-35.2703,0.713,-0.302,17.6
67,36,-74.527,-35.1351,0.699,-0.144,23.3
67,37,-74.527,-35.0,0.153,-0.529,5.7
67,38,-74.527,-34.8649,-0.074,0.199,9.9
67,39,-74.527,-34.7297,0.458,-0.357,8.9
67,40,-74.527,-34.5946,-0.452,0.125,15.0
67,41,-74.527,-34.4595,0.117,-0.532,13.6
67,42,-74.527,-34.3243,-0.063,0.355,19.6
67,43,-74.527,-34.1892,0.697,-0.407,9.8
67,44,-74.527,-34.0541,-0.484,0.283,16.9
67,45,-74.527,-33.9189,0.219,0.209,22.7
67,46,-74.527,-33.7838,0.463,0.368,23.2
67,47,-74.527,-33.6486,0.131,-0.122,24.2
67,48,-74.527,-33.5135,-0.389,0.127,20.5
67,49,-74.527,-33.3784,0.764,-0.229,23.1
67,50,-74.527,-33.2432,0.173,-0.416,9.7
67,51,-74.527,-33.1081,0.298,-0.157,9.0
67,52,-74.527,-32.973,-0.192,-0.434,5.1
67,53,-74.527,-32.8378,0.129,0.382,19.1
67,54,-74.527,-32.7027,0.058,-0.504,23.7
67,55,-74.527,-32.5676,-0.403,-0.011,8.7
67,56,-74.527,-32.4324,-0.362,0.026,17.7
67,57,-74.527,-32.2973,0.589,-0.062,19.9
67,58,-74.527,-32.1622,-0.188,0.062,23.6
67,59,-74.527,-32.027,-0.247,-0.484,17.9
67,60,-74.527,-31.8919,0.156,-0.045,24.4
67,61,-74.527,-31.7568,0.499,-0.313,11.9
67,62,-74.527,-31.6216,-0.419,0.34,12.0
67,63,-74.527,-31.4865,0.25,0.162,15.9
67,64,-74.527,-31.3514,-0.345,0.373,12.7
67,65,-74.527,-31.2162,-0.453,-0.562,5.0
67,66,-74.527,-31.0811,-0.431,-0.315,19.6
67,67,-74.527,-30.9459,0.584,-0.405,20.0
67,68,-74.527,-30.8108,-0.347,-0.589,19.9
67,69,-74.527,-30.6757,-0.441,-0.358,11.9
67,70,-74.527,-30.5405,0.069,0.079,15.4
67,71,-74.527,-30.4054,0.597,-0.369,12.2
67,72,-74.527,-30.2703,-0.159,-0.091,5.3
67,73,-74.527,-30.1351,0.048,0.288,16.2
67,74,-74.527,-30.0,-0.448,0.094,7.5
68,0,-74.5946,-40.0,0.084,-0.205,6.6
68,1,-74.5946,-39.8649,0.251,-0.228,20.1
68,2,-74.5946,-39.7297,0.242,-0.144,5.2
68,3,-74.5946,-39.5946,-0.068,-0.423,24.2
68,4,-74.5946,-39.4595,-0.09,0.034,15.3
68,5,-74.5946,-39.3243,-0.361,-0.236,24.7
68,6,-74.5946,-39.1892,-0.023,0.252,6.2
68,7,-74.5946,-39.0541,-0.371,0.157,16.7
68,8,-74.5946,-38.9189,0.497,0.011,12.0
68,9,-74.5946,-38.7838,0.756,-0.236,21.9
68,10,-74.5946,-38.6486,0.761,-0.39,12.2
68,11,-74.5946,-38.5135,0.625,0.176,10.2
68,12,-74.5946,-38.3784,0.281,-0.114,22.2
68,13,-74.5946,-38.2432,0.411,-0.375,12.5
68,14,-74.5946,-38.1081,-0.129,-0.405,5.3
68,15,-74.5946,-37.973,0.32,-0.435,12.8
68,16,-74.5946,-37.8378,0.092,0.177,18.1
68,17,-74.5946,-37.7027,0.127,-0.371,10.1
68,18,-74.5946,-37.5676,0.485,-0.073,13.6
68,19,-74.5946,-37.4324,-0.134,-0.148,6.1
68,20,-74.5946,-37.2973,-0.087,-0.02,16.8
68,21,-74.5946,-37.1622,0.702,0.277,20.1
68,22,-74.5946,-37.027,-0.427,0.268,13.3
68,23,-74.5946,-36.8919,0.131,-0.149,13.4
68,24,-74.5946,-36.7568,0.687,-0.585,6.8
68,25,-74.5946,-36.6216,0.293,-0.174,9.0
68,26,-74.5946,-36.4865,0.21,0.006,8.1
68,27,-74.5946,-36.3514,-0.175,-0.042,14.6
68,28,-74.5946,-36.2162,-0.054,0.051,15.6
68,29,-74.5946,-36.0811,0.608,-0.446,24.0
68,30,-74.5946,-35.9459,0.227,0.047,6.5
68,31,-74.5946,-35.8108,0.169,-0.417,17.0
68,32,-74.5946,-35.6757,-0.371,0.151,15.5
68,33,-74.5946,-35.5405,-0.479,-0.261,15.3
68,34,-74.5946,-35.4054,0.753,0.11,22.5
68,35,-74.5946,-35.2703,-0.01,-0.552,9.1
68,36,-74.5946,-35.1351,0.284,-0.192,5.8
68,37,-74.5946,-35.0,-0.396,0.105,18.4
68,38,-74.5946,-34.8649,0.388,-0.373,11.9
68,39,-74.5946,-34.7297,0.712,0.195,5.4
68,40,-74.5946,-34.5946,0.248,0.031,10.0
68,41,-74.5946,-34.4595,-0.336,-0.012,11.2
68,42,-74.5946,-34.3243,0.256,-0.246,17.3
68,43,-74.5946,-34.1892,0.496,-0.118,8.5
68,44,-74.5946,-34.0541,0.028,-0.003,13.3
68,45,-74.5946,-33.9189,0.644,-0.128,14.6
68,46,-74.5946,-33.7838,0.343,0.098,14.2
68,47,-74.5946,-33.6486,0.669,-0.166,24.5
68,48,-74.5946,-33.5135,0.311,-0.398,5.9
68,49,-74.5946,-33.3784,-0.329,-0.386,24.0
68,50,-74.5946,-33.2432,-0.097,-0.594,16.6
68,51,-74.5946,-33.1081,-0.238,-0.299,20.9
68,52,-74.5946,-32.973,0.681,0.149,13.6
68,53,-74.5946,-32.8378,0.489,0.194,14.1
68,54,-74.5946,-32.7027,0.379,-0.398,22.6
68,55,-74.5946,-32.5676,-0.109,0.359,22.9
68,56,-74.5946,-32.4324,-0.261,-0.098,9.8
68,57,-74.5946,-32.2973,0.483,0.317,9.0
68,58,-74.5946,-32.1622,0.116,0.107,14.9
68,59,-74.5946,-32.027,-0.206,0.122,23.0
68,60,-74.5946,-31.8919,0.302,-0.515,11.4
68,61,-74.5946,-31.7568,-0.448,-0.38,18.0
68,62,-74.5946,-31.6216,-0.076,-0.591,19.2
68,63,-74.5946,-31.4865,0.109,0.116,20.6
68,64,-74.5946,-31.3514,-0.308,-0.256,16.3
68,65,-74.5946,-31.2162,0.78,0.187,13.0
68,66,-74.5946,-31.0811,-0.228,-0.261,24.3
68,67,-74.5946,-30.9459,-0.331,0.219,17.2
68,68,-74.5946,-30.8108,-0.235,-0.469,19.6
68,69,-74.5946,-30.6757,0.5,-0.427,11.9
68,70,-74.5946,-30.5405,0.053,-0.259,18.4
68,71,-74.5946,-30.4054,0.235,-0.192,10.2
68,72,-74.5946,-30.2703,-0.473,-0.251,9.9
68,73,-74.5946,-30.1351,-0.455,0.164,19.3
68,74,-74.5946,-30.0,0.08,-0.503,15.4
69,0,-74.6622,-40.0,0.562,-0.249,18.7
69,1,-74.6622,-39.8649,0.651,0.237,10.4
69,2,-74.6622,-39.7297,-0.387,-0.533,17.0
69,3,-74.6622,-39.5946,0.2,0.342,13.9
69,4,-74.6622,-39.4595,0.687,0.386,16.9
69,5,-74.6622,-39.3243,0.004,-0.511,10.8
69,6,-74.6622,-39.1892,0.578,-0.309,19.3
69,7,-74.6622,-39.0541,-0.326,-0.228,21.1
69,8,-74.6622,-38.9189,0.716,0.176,10.2
69,9,-74.6622,-38.7838,0.477,-0.004,11.0
69,10,-74.6622,-38.6486,0.724,0.044,18.2
69,11,-74.6622,-38.5135,0.38,0.158,18.9
69,12,-74.6622,-38.3784,-0.028,-0.482,19.1
69,13,-74.6622,-38.2432,0.72,0.233,18.7
69,14,-74.6622,-38.1081,-0.142,0.106,12.9
69,15,-74.6622,-37.973,-0.068,-0.023,12.9
69,16,-74.6622,-37.8378,0.411,0.29,10.1
69,17,-74.6622,-37.7027,0.495,0.1,8.1
69,18,-74.6622,-37.5676,0.708,-0.398,18.9
69,19,-74.6622,-37.4324,-0.234,-0.17,6.9
69,20,-74.6622,-37.2973,0.537,-0.106,23.8
69,21,-74.6622,-37.1622,0.46,-0.545,21.5
69,22,-74.6622,-37.027,-0.417,0.355,22.2
69,23,-74.6622,-36.8919,0.003,-0.471,23.1
69,24,-74.6622,-36.7568,-0.132,0.097,13.2
69,25,-74.6622,-36.6216,-0.104,-0.094,21.9
69,26,-74.6622,-36.4865,0.778,-0.574,8.2
69,27,-74.6622,-36.3514,0.336,0.325,5.4
69,28,-74.6622,-36.2162,0.433,0.252,20.7
69,29,-74.6622,-36.0811,0.77,-0.076,6.5
69,30,-74.6622,-35.9459,-0.01,-0.371,24.8
69,31,-74.6622,-35.8108,0.542,-0.478,18.5
69,32,-74.6622,-35.6757,0.065,-0.237,20.1
69,33,-74.6622,-35.5405,0.63,-0.345,9.9
69,34,-74.6622,-35.4054,-0.265,-0.093,18.5
69,35,-74.6622,-35.2703,0.732,0.366,5.9
69,36,-74.6622,-35.1351,-0.216,-0.025,21.8
69,37,-74.6622,-35.0,-0.076,0.29,8.4
69,38,-74.6622,-34.8649,0.483,0.051,18.9
69,39,-74.6622,-34.7297,0.012,-0.125,9.5
69,40,-74.6622,-34.5946,0.291,0.255,6.4
69,41,-74.6622,-34.4595,0.078,-0.129,14.6
69,42,-74.6622,-34.3243,0.465,0.269,8.4
69,43,-74.6622,-34.1892,-0.203,-0.308,19.6
69,44,-74.6622,-34.0541,-0.424,-0.471,9.8
69,45,-74.6622,-33.9189,-0.11,0.255,11.8
69,46,-74.6622,-33.7838,0.117,-0.013,16.3
69,47,-74.6622,-33.6486,-0.282,0.289,10.7
69,48,-74.6622,-33.5135,-0.039,0.338,12.6
69,49,-74.6622,-33.3784,0.02,-0.546,21.3
69,50,-74.6622,-33.2432,-0.425,-0.099,8.6
69,51,-74.6622,-33.1081,0.258,-0.225,6.6
69,52,-74.6622,-32.973,0.65,0.026,11.6
69,53,-74.6622,-32.8378,-0.303,0.194,13.5
69,54,-74.6622,-32.7027,0.277,-0.319,15.9
69,55,-74.6622,-32.5676,0.364,-0.043,12.4
69,56,-74.6622,-32.4324,0.045,0.109,20.8
69,57,-74.6622,-32.2973,0.411,-0.466,5.8
69,58,-74.6622,-32.1622,0.034,0.214,13.6
69,59,-74.6622,-32.027,0.156,0.006,12.6
69,60,-74.6622,-31.8919,-0.49,0.35,18.0
69,61,-74.6622,-31.7568,0.399,-0.26,24.3
69,62,-74.6622,-31.6216,0.36,-0.492,15.2
69,63,-74.6622,-31.4865,-0.45,-0.093,24.7
69,64,-74.6622,-31.3514,-0.021,-0.514,11.0
69,65,-74.6622,-31.2162,0.773,0.37,5.6
69,66,-74.6622,-31.0811,0.047,-0.561,8.3
69,67,-74.6622,-30.9459,0.153,0.154,12.9
69,68,-74.6622,-30.8108,0.683,-0.075,11.3
69,69,-74.6622,-30.6757,0.432,-0.231,6.9
69,70,-74.6622,-30.5405,0.257,-0.534,13.7
69,71,-74.6622,-30.4054,0.537,0.022,11.8
69,72,-74.6622,-30.2703,0.624,-0.015,7.5
69,73,-74.6622,-30.1351,0.094,-0.319,10.9
69,74,-74.6622,-30.0,0.118,0.31,22.7
70,0,-74.7297,-40.0,0.002,-0.296,11.0
70,1,-74.7297,-39.8649,0.757,-0.15,19.3
70,2,-74.7297,-39.7297,0.406,-0.056,17.2
70,3,-74.7297,-39.5946,-0.392,-0.5,13.5
70,4,-74.7297,-39.4595,0.622,0.332,9.8
70,5,-74.7297,-39.3243,0.125,-0.225,12.4
70,6,-74.7297,-39.1892,-0.411,-0.519,16.8
70,7,-74.7297,-39.0541,0.215,-0.213,12.0
70,8,-74.7297,-38.9189,0.042,0.0,9.3
70,9,-74.7297,-38.7838,0.641,-0.086,7.3
70,10,-74.7297,-38.6486,-0.235,0.095,22.6
70,11,-74.7297,-38.5135,0.574,-0.545,13.8
70,12,-74.7297,-38.3784,0.225,-0.315,17.5
70,13,-74.7297,-38.2432,-0.429,0.219,14.8
70,14,-74.7297,-38.1081,0.763,-0.52,22.5
70,15,-74.7297,-37.973,0.166,0.255,15.9
70,16,-74.7297,-37.8378,-0.122,-0.508,14.6
70,17,-74.7297,-37.7027,0.11,0.234,23.5
70,18,-74.7297,-37.5676,0.615,-0.239,19.4
70,19,-74.7297,-37.4324,-0.104,0.012,7.2
70,20,-74.7297,-37.2973,-0.25,-0.447,8.6
70,21,-74.7297,-37.1622,-0.332,-0.534,20.7
70,22,-74.7297,-37.027,-0.113,-0.384,21.7
70,23,-74.7297,-36.8919,0.514,-0.472,15.9
70,24,-74.7297,-36.7568,0.113,-0.288,16.1
70,25,-74.7297,-36.6216,-0.204,-0.086,17.6
70,26,-74.7297,-36.4865,-0.284,-0.011,13.8
70,27,-74.7297,-36.3514,-0.067,0.19,18.6
70,28,-74.7297,-36.2162,0.722,0.056,7.2
70,29,-74.7297,-36.0811,-0.054,0.009,24.2
70,30,-74.7297,-35.9459,0.785,-0.188,20.0
70,31,-74.7297,-35.8108,0.131,-0.126,17.6
70,32,-74.7297,-35.6757,-0.267,-0.185,11.3
70,33,-74.7297,-35.5405,0.658,0.242,8.2
70,34,-74.7297,-35.4054,0.098,-0.37,13.2
70,35,-74.7297,-35.2703,0.423,-0.594,18.2
70,36,-74.7297,-35.1351,0.779,0.051,17.7
70,37,-74.7297,-35.0,-0.435,-0.398,12.7
70,38,-74.7297,-34.8649,-0.374,0.29,17.3
70,39,-74.7297,-34.7297,0.437,0.259,21.3
70,40,-74.7297,-34.5946,-0.134,-0.523,5.5
70,41,-74.7297,-34.4595,-0.26,-0.494,14.0
70,42,-74.7297,-34.3243,-0.449,-0.105,20.2
70,43,-74.7297,-34.1892,-0.472,0.009,15.9
70,44,-74.7297,-34.0541,0.507,-0.325,18.0
70,45,-74.7297,-33.9189,-0.325,0.117,15.3
70,46,-74.7297,-33.7838,0.108,-0.005,24.8
70,47,-74.7297,-33.6486,0.288,-0.275,6.1
70,48,-74.7297,-33.5135,0.057,-0.575,14.8
70,49,-74.7297,-33.3784,-0.465,0.15,6.8
70,50,-74.7297,-33.2432,0.519,-0.385,8.2
70,51,-74.7297,-33.1081,-0.486,0.234,12.7
70,52,-74.7297,-32.973,0.49,-0.18,8.1
70,53,-74.7297,-32.8378,0.661,-0.023,24.3
70,54,-74.7297,-32.7027,0.063,0.273,23.9
70,55,-74.7297,-32.5676,0.196,0.264,11.7
70,56,-74.7297,-32.4324,0.12,-0.228,17.8
70,57,-74.7297,-32.2973,0.006,-0.391,15.7
70,58,-74.7297,-32.1622,0.654,0.175,21.3
70,59,-74.7297,-32.027,0.662,-0.167,17.5
70,60,-74.7297,-31.8919,-0.063,-0.408,5.0
70,61,-74.7297,-31.7568,0.3,0.304,20.3
70,62,-74.7297,-31.6216,0.705,-0.402,19.9
70,63,-74.7297,-31.4865,0.751,-0.574,15.2
70,64,-74.7297,-31.3514,0.162,-0.58,23.1
70,65,-74.7297,-31.2162,0.089,0.022,23.2
70,66,-74.7297,-31.0811,-0.138,0.062,15.5
70,67,-74.7297,-30.9459,0.747,-0.289,17.2
70,68,-74.7297,-30.8108,-0.314,-0.28,24.9
70,69,-74.7297,-30.6757,0.254,-0.261,11.0
70,70,-74.7297,-30.5405,-0.133,0.08,11.5
70,71,-74.7297,-30.4054,-0.137,-0.542,8.7
70,72,-74.7297,-30.2703,0.026,0.329,22.9
70,73,-74.7297,-30.1351,0.798,-0.377,19.9
70,74,-74.7297,-30.0,-0.429,0.4,7.1
71,0,-74.7973,-40.0,0.252,-0.428,24.6
71,1,-74.7973,-39.8649,-0.393,0.172,19.6
71,2,-74.7973,-39.7297,-0.299,-0.377,22.0
71,3,-74.7973,-39.5946,0.071,-0.519,6.0
71,4,-74.7973,-39.4595,0.164,0.275,15.1
71,5,-74.7973,-39.3243,-0.164,0.259,19.0
71,6,-74.7973,-39.1892,-0.089,-0.196,15.9
71,7,-74.7973,-39.0541,-0.387,0.102,18.3
71,8,-74.7973,-38.9189,-0.106,-0.043,21.4
71,9,-74.7973,-38.7838,0.757,0.253,12.5
71,10,-74.7973,-38.6486,0.728,-0.285,22.0
71,11,-74.7973,-38.5135,-0.065,-0.076,8.3
71,12,-74.7973,-38.3784,0.242,-0.115,10.4
71,13,-74.7973,-38.2432,0.682,-0.246,5.9
71,14,-74.7973,-38.1081,-0.492,0.291,12.3
71,15,-74.7973,-37.973,0.554,-0.434,12.6
71,16,-74.7973,-37.8378,0.733,-0.45,21.1
71,17,-74.7973,-37.7027,-0.381,-0.023,18.1
71,18,-74.7973,-37.5676,-0.29,0.057,13.7
71,19,-74.7973,-37.4324,0.749,-0.405,18.0
71,20,-74.7973,-37.2973,0.199,-0.209,6.1
71,21,-74.7973,-37.1622,-0.482,0.347,8.6
71,22,-74.7973,-37.027,-0.165,-0.353,17.5
71,23,-74.7973,-36.8919,0.085,0.068,17.8
71,24,-74.7973,-36.7568,0.401,0.14,20.5
71,25,-74.7973,-36.6216,0.453,-0.152,13.1
71,26,-74.7973,-36.4865,0.794,0.338,19.5
71,27,-74.7973,-36.3514,-0.126,0.137,18.7
71,28,-74.7973,-36.2162,0.2,-0.142,24.3
71,29,-74.7973,-36.0811,0.193,-0.031,9.3
71,30,-74.7973,-35.9459,0.027,0.093,16.0
71,31,-74.7973,-35.8108,-0.28,-0.008,17.0
71,32,-74.7973,-35.6757,0.771,0.279,25.0
71,33,-74.7973,-35.5405,0.609,-0.243,9.0
71,34,-74.7973,-35.4054,0.148,-0.3,15.5
71,35,-74.7973,-35.2703,0.284,-0.386,11.9
71,36,-74.7973,-35.1351,-0.205,-0.562,15.5
71,37,-74.7973,-35.0,0.207,-0.557,9.6
71,38,-74.7973,-34.8649,0.403,0.27,6.0
71,39,-74.7973,-34.7297,0.17,0.078,16.5
71,40,-74.7973,-34.5946,0.787,0.061,11.7
71,41,-74.7973,-34.4595,0.295,0.015,8.6
71,42,-74.7973,-34.3243,-0.018,0.249,11.5
71,43,-74.7973,-34.1892,0.504,-0.12,6.0
71,44,-74.7973,-34.0541,-0.278,0.27,24.0
71,45,-74.7973,-33.9189,-0.0,-0.241,16.6
71,46,-74.7973,-33.7838,-0.049,0.327,21.3
71,47,-74.7973,-33.6486,0.061,0.099,13.5
71,48,-74.7973,-33.5135,0.516,-0.343,23.1
71,49,-74.7973,-33.3784,0.129,-0.036,14.7
71,50,-74.7973,-33.2432,0.532,-0.067,16.5
71,51,-74.7973,-33.1081,0.249,-0.462,14.8
71,52,-74.7973,-32.973,-0.055,-0.009,19.7
71,53,-74.7973,-32.8378,0.553,-0.285,16.3
71,54,-74.7973,-32.7027,-0.19,-0.548,10.4
71,55,-74.7973,-32.5676,-0.208,0.349,7.9
71,56,-74.7973,-32.4324,0.156,0.041,17.1
71,57,-74.7973,-32.2973,-0.161,0.277,14.8
71,58,-74.7973,-32.1622,-0.488,0.076,6.9
71,59,-74.7973,-32.027,0.343,-0.243,12.9
71,60,-74.7973,-31.8919,0.164,-0.087,15.3
71,61,-74.7973,-31.7568,0.079,0.076,21.5
71,62,-74.7973,-31.6216,0.757,0.36,6.5
71,63,-74.7973,-31.4865,0.243,-0.346,12.0
71,64,-74.7973,-31.3514,0.622,0.275,21.5
71,65,-74.7973,-31.2162,-0.319,0.324,18.0
71,66,-74.7973,-31.0811,0.24,0.07,10.8
71,67,-74.7973,-30.9459,0.628,0.331,21.9
71,68,-74.7973,-30.8108,0.258,-0.202,14.9
71,69,-74.7973,-30.6757,0.433,0.353,15.0
71,70,-74.7973,-30.5405,-0.016,0.103,24.5
71,71,-74.7973,-30.4054,-0.38,-0.558,23.9
71,72,-74.7973,-30.2703,0.095,0.307,12.2
71,73,-74.7973,-30.1351,0.013,-0.116,7.8
71,74,-74.7973,-30.0,0.627,-0.14,11.5
72,0,-74.8649,-40.0,-0.183,-0.034,5.6
72,1,-74.8649,-39.8649,0.757,-0.451,5.4
72,2,-74.8649,-39.7297,0.746,-0.131,12.9
72,3,-74.8649,-39.5946,-0.178,0.231,23.8
72,4,-74.8649,-39.4595,-0.048,-0.585,22.4
72,5,-74.8649,-39.3243,0.664,-0.327,15.2
72,6,-74.8649,-39.1892,0.757,-0.598,16.3
72,7,-74.8649,-39.0541,0.076,-0.184,5.1
72,8,-74.8649,-38.9189,-0.083,0.128,9.3
72,9,-74.8649,-38.7838,0.184,0.199,5.5
72,10,-74.8649,-38.6486,0.394,0.345,20.1
72,11,-74.8649,-38.5135,-0.144,0.009,7.9
72,12,-74.8649,-38.3784,0.457,-0.345,22.4
72,13,-74.8649,-38.2432,-0.433,0.324,17.9
72,14,-74.8649,-38.1081,-0.436,0.175,9.6
72,15,-74.8649,-37.973,0.002,-0.026,8.2
72,16,-74.8649,-37.8378,-0.04,0.096,17.6
72,17,-74.8649,-37.7027,-0.09,0.324,23.0
72,18,-74.8649,-37.5676,0.138,0.112,19.4
72,19,-74.8649,-37.4324,-0.083,-0.232,12.0
72,20,-74.8649,-37.2973,-0.25,0.113,16.7
72,21,-74.8649,-37.1622,-0.098,-0.56,11.2
72,22,-74.8649,-37.027,0.767,-0.214,25.0
72,23,-74.8649,-36.8919,0.034,-0.194,20.0
72,24,-74.8649,-36.7568,0.078,-0.433,17.3
72,25,-74.8649,-36.6216,0.25,-0.577,13.5
72,26,-74.8649,-36.4865,0.778,-0.467,17.4
72,27,-74.8649,-36.3514,-0.186,0.055,11.8
72,28,-74.8649,-36.2162,0.386,0.202,5.6
72,29,-74.8649,-36.0811,0.431,0.388,12.9
72,30,-74.8649,-35.9459,0.29,-0.254,23.6
72,31,-74.8649,-35.8108,-0.385,-0.001,17.5
72,32,-74.8649,-35.6757,0.38,0.337,6.7
72,33,-74.8649,-35.5405,-0.417,-0.433,22.7
72,34,-74.8649,-35.4054,0.275,0.118,10.4
72,35,-74.8649,-35.2703,0.461,0.155,9.9
72,36,-74.8649,-35.1351,-0.226,-0.511,10.9
72,37,-74.8649,-35.0,0.594,0.261,16.5
72,38,-74.8649,-34.8649,-0.461,0.213,15.9
72,39,-74.8649,-34.7297,0.597,-0.567,14.8
72,40,-74.8649,-34.5946,0.098,-0.509,19.4
72,41,-74.8649,-34.4595,-0.217,-0.551,11.3
72,42,-74.8649,-34.3243,-0.326,-0.265,20.6
72,43,-74.8649,-34.1892,0.739,-0.091,8.5
72,44,-74.8649,-34.0541,-0.406,-0.068,20.7
72,45,-74.8649,-33.9189,-0.241,-0.332,18.3
72,46,-74.8649,-33.7838,-0.048,0.312,18.7
72,47,-74.8649,-33.6486,0.306,-0.232,14.6
72,48,-74.8649,-33.5135,0.208,-0.554,18.3
72,49,-74.8649,-33.3784,-0.337,-0.3,6.6
72,50,-74.8649,-33.2432,-0.123,-0.069,22.0
72,51,-74.8649,-33.1081,-0.19,-0.192,6.1
72,52,-74.8649,-32.973,-0.222,-0.326,8.0
72,53,-74.8649,-32.8378,0.034,-0.469,16.5
72,54,-74.8649,-32.7027,0.415,0.219,19.8
72,55,-74.8649,-32.5676,-0.217,0.396,6.5
72,56,-74.8649,-32.4324,-0.023,-0.27,23.4
72,57,-74.8649,-32.2973,0.008,-0.218,24.5
72,58,-74.8649,-32.1622,0.769,0.018,17.1
72,59,-74.8649,-32.027,0.741,0.118,14.6
72,60,-74.8649,-31.8919,0.54,-0.208,19.8
72,61,-74.8649,-31.7568,-0.186,0.305,11.6
72,62,-74.8649,-31.6216,-0.412,-0.04,14.9
72,63,-74.8649,-31.4865,-0.088,-0.15,23.3
72,64,-74.8649,-31.3514,-0.153,0.047,24.1
72,65,-74.8649,-31.2162,0.158,0.353,23.5
72,66,-74.8649,-31.0811,0.511,0.195,10.2
72,67,-74.8649,-30.9459,0.616,-0.56,9.6
72,68,-74.8649,-30.8108,0.598,-0.268,11.0
72,69,-74.8649,-30.6757,-0.032,-0.129,13.8
72,70,-74.8649,-30.5405,0.393,-0.285,11.3
72,71,-74.8649,-30.4054,-0.093,0.1,12.5
72,72,-74.8649,-30.2703,-0.421,0.226,17.4
72,73,-74.8649,-30.1351,0.412,0.131,20.3
72,74,-74.8649,-30.0,-0.487,0.389,19.7
73,0,-74.9324,-40.0,0.032,-0.327,21.3
73,1,-74.9324,-39.8649,-0.072,0.275,5.6
73,2,-74.9324,-39.7297,0.401,0.167,6.0
73,3,-74.9324,-39.5946,0.496,-0.238,20.8
73,4,-74.9324,-39.4595,-0.105,0.134,15.7
73,5,-74.9324,-39.3243,0.555,-0.496,16.6
73,6,-74.9324,-39.1892,-0.118,0.189,6.1
73,7,-74.9324,-39.0541,0.08,-0.068,10.1
73,8,-74.9324,-38.9189,0.445,-0.308,17.8
73,9,-74.9324,-38.7838,0.401,0.056,22.2
73,10,-74.9324,-38.6486,0.784,0.042,23.3
73,11,-74.9324,-38.5135,-0.207,-0.391,15.0
73,12,-74.9324,-38.3784,0.361,-0.57,15.9
73,13,-74.9324,-38.2432,0.293,-0.166,21.7
73,14,-74.9324,-38.1081,0.69,-0.03,15.8
73,15,-74.9324,-37.973,-0.297,0.277,15.3
73,16,-74.9324,-37.8378,0.477,0.328,23.1
73,17,-74.9324,-37.7027,0.239,-0.071,20.8
73,18,-74.9324,-37.5676,-0.143,0.154,23.2
73,19,-74.9324,-37.4324,0.117,-0.161,9.4
73,20,-74.9324,-37.2973,-0.066,0.146,15.5
73,21,-74.9324,-37.1622,0.253,-0.395,21.8
73,22,-74.9324,-37.027,0.656,-0.229,7.2
73,23,-74.9324,-36.8919,0.24,0.034,20.9
73,24,-74.9324,-36.7568,0.321,-0.582,8.7
73,25,-74.9324,-36.6216,0.174,0.122,21.2
73,26,-74.9324,-36.4865,-0.433,0.236,17.2
73,27,-74.9324,-36.3514,-0.197,-0.201,8.9
73,28,-74.9324,-36.2162,0.14,-0.152,14.5
73,29,-74.9324,-36.0811,-0.097,0.251,18.6
73,30,-74.9324,-35.9459,-0.264,0.176,17.7
73,31,-74.9324,-35.8108,0.155,-0.312,13.5
73,32,-74.9324,-35.6757,-0.08,-0.276,23.0
73,33,-74.9324,-35.5405,-0.164,0.079,15.4
73,34,-74.9324,-35.4054,0.103,-0.037,15.1
73,35,-74.9324,-35.2703,-0.327,-0.438,6.2
73,36,-74.9324,-35.1351,0.706,-0.29,23.4
73,37,-74.9324,-35.0,0.628,0.3,8.5
73,38,-74.9324,-34.8649,0.42,0.088,15.6
73,39,-74.9324,-34.7297,-0.362,0.386,21.1
73,40,-74.9324,-34.5946,0.509,0.167,9.3
73,41,-74.9324,-34.4595,0.55,0.342,15.5
73,42,-74.9324,-34.3243,0.498,-0.384,9.8
73,43,-74.9324,-34.1892,-0.352,0.171,20.2
73,44,-74.9324,-34.0541,0.337,-0.58,16.3
73,45,-74.9324,-33.9189,0.585,0.071,22.1
73,46,-74.9324,-33.7838,0.251,-0.131,22.9
73,47,-74.9324,-33.6486,0.34,-0.253,18.0
73,48,-74.9324,-33.5135,0.096,0.262,19.5
73,49,-74.9324,-33.3784,0.187,0.254,16.0
73,50,-74.9324,-33.2432,-0.455,-0.578,12.7
73,51,-74.9324,-33.1081,0.331,0.01,18.0
73,52,-74.9324,-32.973,-0.394,-0.232,23.2
73,53,-74.9324,-32.8378,0.066,-0.184,13.3
73,54,-74.9324,-32.7027,-0.12,0.232,11.3
73,55,-74.9324,-32.5676,0.209,-0.29,12.8
73,56,-74.9324,-32.4324,-0.327,0.343,13.7
73,57,-74.9324,-32.2973,0.399,-0.42,6.5
73,58,-74.9324,-32.1622,0.534,0.063,15.0
73,59,-74.9324,-32.027,-0.288,0.072,14.9
73,60,-74.9324,-31.8919,-0.364,-0.348,16.8
73,61,-74.9324,-31.7568,-0.311,-0.275,12.3
73,62,-74.9324,-31.6216,0.64,0.235,17.3
73,63,-74.9324,-31.4865,0.187,0.162,22.6
73,64,-74.9324,-31.3514,0.107,-0.271,24.1
73,65,-74.9324,-31.2162,-0.361,-0.066,16.7
73,66,-74.9324,-31.0811,0.344,-0.538,5.9
73,67,-74.9324,-30.9459,0.628,-0.391,24.4
73,68,-74.9324,-30.8108,0.577,-0.114,19.1
73,69,-74.9324,-30.6757,0.314,-0.514,11.7
73,70,-74.9324,-30.5405,-0.402,0.243,7.9
73,71,-74.9324,-30.4054,-0.354,0.118,7.9
73,72,-74.9324,-30.2703,-0.436,0.344,8.4
73,73,-74.9324,-30.1351,-0.165,0.093,5.9
73,74,-74.9324,-30.0,-0.324,0.34,23.0
74,0,-75.0,-40.0,-0.162,-0.045,15.8
74,1,-75.0,-39.8649,0.001,0.0,19.0
74,2,-75.0,-39.7297,0.726,0.377,21.6
74,3,-75.0,-39.5946,0.293,0.042,20.8
74,4,-75.0,-39.4595,0.585,-0.569,22.7
74,5,-75.0,-39.3243,0.423,0.124,24.3
74,6,-75.0,-39.1892,-0.354,0.305,13.8
74,7,-75.0,-39.0541,0.457,0.196,24.0
74,8,-75.0,-38.9189,-0.142,-0.016,19.5
74,9,-75.0,-38.7838,0.331,0.071,6.4
74,10,-75.0,-38.6486,-0.057,0.39,18.6
74,11,-75.0,-38.5135,0.797,-0.509,18.7
74,12,-75.0,-38.3784,-0.157,0.067,23.1
74,13,-75.0,-38.2432,-0.137,-0.317,12.5
74,14,-75.0,-38.1081,0.71,0.04,16.7
74,15,-75.0,-37.973,-0.468,0.008,5.2
74,16,-75.0,-37.8378,0.406,-0.447,11.6
74,17,-75.0,-37.7027,0.443,-0.393,6.2
74,18,-75.0,-37.5676,0.587,0.022,15.4
74,19,-75.0,-37.4324,0.767,-0.472,21.3
74,20,-75.0,-37.2973,0.768,-0.335,9.1
74,21,-75.0,-37.1622,-0.415,0.235,15.5
74,22,-75.0,-37.027,0.568,-0.273,9.1
74,23,-75.0,-36.8919,0.34,-0.112,7.4
74,24,-75.0,-36.7568,0.342,0.341,15.2
74,25,-75.0,-36.6216,-0.333,-0.373,6.6
74,26,-75.0,-36.4865,0.345,-0.21,16.7
74,27,-75.0,-36.3514,0.777,0.006,5.6
74,28,-75.0,-36.2162,0.685,0.155,7.1
74,29,-75.0,-36.0811,0.071,0.302,16.0
74,30,-75.0,-35.9459,-0.448,0.315,16.8
74,31,-75.0,-35.8108,-0.029,0.177,5.6
74,32,-75.0,-35.6757,0.574,-0.372,16.5
74,33,-75.0,-35.5405,0.412,-0.575,21.8
74,34,-75.0,-35.4054,0.097,-0.216,19.4
74,35,-75.0,-35.2703,-0.428,-0.458,7.6
74,36,-75.0,-35.1351,0.055,0.11,16.8
74,37,-75.0,-35.0,0.11,0.061,18.4
74,38,-75.0,-34.8649,0.707,-0.556,5.7
74,39,-75.0,-34.7297,0.333,0.237,22.1
74,40,-75.0,-34.5946,-0.095,-0.351,23.1
74,41,-75.0,-34.4595,0.183,-0.168,22.0
74,42,-75.0,-34.3243,-0.414,0.068,21.5
74,43,-75.0,-34.1892,0.764,-0.171,19.9
74,44,-75.0,-34.0541,-0.032,-0.159,17.7
74,45,-75.0,-33.9189,0.121,-0.534,18.6
74,46,-75.0,-33.7838,-0.038,-0.199,21.1
74,47,-75.0,-33.6486,0.387,0.165,18.2
74,48,-75.0,-33.5135,0.361,0.315,11.6
74,49,-75.0,-33.3784,0.43,-0.187,12.5
74,50,-75.0,-33.2432,-0.151,-0.176,22.9
74,51,-75.0,-33.1081,-0.09,0.103,5.3
74,52,-75.0,-32.973,-0.337,0.343,19.0
74,53,-75.0,-32.8378,0.352,-0.333,24.1
74,54,-75.0,-32.7027,-0.448,-0.16,19.1
74,55,-75.0,-32.5676,0.277,0.196,24.9
74,56,-75.0,-32.4324,0.631,0.01,18.8
74,57,-75.0,-32.2973,0.658,-0.489,5.7
74,58,-75.0,-32.1622,0.084,0.028,21.5
74,59,-75.0,-32.027,0.097,-0.413,10.7
74,60,-75.0,-31.8919,-0.4,-0.09,13.9
74,61,-75.0,-31.7568,0.372,-0.071,11.2
74,62,-75.0,-31.6216,0.568,0.276,10.4
74,63,-75.0,-31.4865,-0.182,-0.138,13.6
74,64,-75.0,-31.3514,0.048,-0.321,12.6
74,65,-75.0,-31.2162,0.59,-0.369,17.7
74,66,-75.0,-31.0811,0.64,0.274,21.3
74,67,-75.0,-30.9459,-0.184,-0.429,10.9
74,68,-75.0,-30.8108,0.216,-0.174,9.3
74,69,-75.0,-30.6757,-0.25,-0.413,18.3
74,70,-75.0,-30.5405,-0.368,0.173,18.4
74,71,-75.0,-30.4054,0.684,-0.126,23.0
74,72,-75.0,-30.2703,0.567,-0.249,5.3
74,73,-75.0,-30.1351,0.488,-0.239,22.1
74,74,-75.0,-30.0,-0.437,0.252,15.4
